"State","Year","under19_pop_prct","white_pop_prct"
"AK",1990,0.347539265123172,0.765016537439679
"AK",1991,0.346412530494061,0.765286490714548
"AK",1992,0.341305780519622,0.763146809435808
"AK",1993,0.339367934978446,0.759043561237972
"AK",1994,0.337477706246229,0.756950015580765
"AK",1995,0.332948386200142,0.756048854092904
"AK",1996,0.331755314516513,0.752205583918997
"AK",1997,0.334260516046515,0.747034102922175
"AK",1998,0.338179026086732,0.742913738926205
"AK",1999,0.334079730592738,0.739544703006983
"AK",2000,0.331315698536379,0.734272560644497
"AK",2001,0.328133826931392,0.731904297522226
"AK",2002,0.324572615309409,0.729691735023827
"AK",2003,0.319800312763142,0.727222114266503
"AK",2004,0.314456851806348,0.725733596648495
"AK",2005,0.308537722694191,0.723734755137597
"AK",2006,0.304853236033656,0.722571530959482
"AK",2007,0.300815816551521,0.720877554020285
"AK",2008,0.296803427133412,0.718541577266876
"AK",2009,0.296694067063007,0.715224747637342
"AK",2010,0.291888333263296,0.713930327352187
"AK",2011,0.288522256442071,0.711177242815678
"AK",2012,0.28389210383288,0.708088105437385
"AK",2013,0.280868250961919,0.70483591744588
"AK",2014,0.278504325103255,0.702238133978375
"AK",2015,0.276244816935097,0.699490710483283
"AK",2016,0.275455320342677,0.696079066053818
"AK",2017,0.274023252670001,0.691764228741382
"AK",2018,0.271834306165229,0.68961516121441
"AK",2019,0.269090759966919,0.688236540472561
"AL",1990,0.293292313314264,0.737709487895843
"AL",1991,0.290530050576265,0.736439159670918
"AL",1992,0.28853297076033,0.734634019047601
"AL",1993,0.287659442997749,0.732866863050229
"AL",1994,0.287242774977589,0.73103793246795
"AL",1995,0.287985943027369,0.729401647737851
"AL",1996,0.286678309584951,0.72844255341943
"AL",1997,0.286839662220248,0.726852162406263
"AL",1998,0.28428081724503,0.726051552647955
"AL",1999,0.283480142054169,0.724877154022863
"AL",2000,0.28196276290252,0.723209992064549
"AL",2001,0.279707558855537,0.721999161077206
"AL",2002,0.277770151441188,0.720903535621725
"AL",2003,0.27593016173453,0.719849556710561
"AL",2004,0.274756446479143,0.718606431768486
"AL",2005,0.273244044330119,0.717546591156515
"AL",2006,0.27212749415044,0.71595886870134
"AL",2007,0.271355107386514,0.71490421242756
"AL",2008,0.270570424436746,0.713520350743482
"AL",2009,0.268805310199502,0.712325801639282
"AL",2010,0.265899227176118,0.711085319898684
"AL",2011,0.262316711845568,0.710107314564554
"AL",2012,0.259258474769852,0.70832783037087
"AL",2013,0.256620955217935,0.706681730596236
"AL",2014,0.254430016611594,0.705437379783837
"AL",2015,0.253072585287079,0.703930901891394
"AL",2016,0.251910497016053,0.702929253987591
"AL",2017,0.25071053645451,0.702107873527588
"AL",2018,0.249491732377788,0.701485428365722
"AL",2019,0.248091393655349,0.701070834569775
"AR",1990,0.294964410380101,0.830273539773214
"AR",1991,0.293034747375736,0.829854175828234
"AR",1992,0.293730835965801,0.828992244981755
"AR",1993,0.291652129236499,0.828280550078716
"AR",1994,0.291645332292978,0.828486070074045
"AR",1995,0.292767726105437,0.828067298283229
"AR",1996,0.29317614455686,0.826975062098846
"AR",1997,0.291026838748371,0.826252071247054
"AR",1998,0.290401018319005,0.825544713472127
"AR",1999,0.287498208804386,0.825060146463237
"AR",2000,0.284024269503186,0.823849356451981
"AR",2001,0.281203431007393,0.822811659064539
"AR",2002,0.27922926228239,0.821942720553806
"AR",2003,0.277790133352124,0.821129573519827
"AR",2004,0.276825062934459,0.820219108654588
"AR",2005,0.276064085502951,0.819459731178021
"AR",2006,0.275234507812674,0.818088066282013
"AR",2007,0.274865989152757,0.817563407227985
"AR",2008,0.274336470979498,0.816420912600703
"AR",2009,0.273574025240581,0.815226092680894
"AR",2010,0.272288091160603,0.813783126691499
"AR",2011,0.269720440974786,0.812695895182964
"AR",2012,0.267754433696773,0.811407496331505
"AR",2013,0.265992430898155,0.810377441373251
"AR",2014,0.264483425176047,0.809249671091652
"AR",2015,0.263382927340325,0.807851317372991
"AR",2016,0.262295487702338,0.806195688309847
"AR",2017,0.261068954085585,0.80516568405165
"AR",2018,0.25968781948432,0.804523191924334
"AR",2019,0.258110864721499,0.803898463916146
"AZ",1990,0.303456450793777,0.893892316081797
"AZ",1991,0.29927920147306,0.892272188811839
"AZ",1992,0.296248474107065,0.891451679631436
"AZ",1993,0.295921474674328,0.890596097839348
"AZ",1994,0.290879649401932,0.890142703721877
"AZ",1995,0.291933963211272,0.889292473613643
"AZ",1996,0.292574788421039,0.888600461309718
"AZ",1997,0.289283279044288,0.888289187859801
"AZ",1998,0.292264191203483,0.888225317825375
"AZ",1999,0.29467837541251,0.887885978466996
"AZ",2000,0.29567223567246,0.887285862497011
"AZ",2001,0.293286194288891,0.885430807795312
"AZ",2002,0.291989351874587,0.883256814216526
"AZ",2003,0.291509780479112,0.88097955053423
"AZ",2004,0.290841029763619,0.878529560165905
"AZ",2005,0.2900703313212,0.875479463620706
"AZ",2006,0.289483195035578,0.871679398441669
"AZ",2007,0.289428555076049,0.868139094742416
"AZ",2008,0.288967419393978,0.864592518711501
"AZ",2009,0.28658992040868,0.861408535879785
"AZ",2010,0.283359647594914,0.859049983362394
"AZ",2011,0.278226838711791,0.856731477388758
"AZ",2012,0.274581547031889,0.854412173465723
"AZ",2013,0.271487271369824,0.852098461516195
"AZ",2014,0.268502839275985,0.849832395129392
"AZ",2015,0.265585219562392,0.847854129537038
"AZ",2016,0.262692996125094,0.845454275650793
"AZ",2017,0.259235509102204,0.843738394391375
"AZ",2018,0.25602303093703,0.842376750902204
"AZ",2019,0.252599187466692,0.840661204440288
"CA",1990,0.296615382458628,0.812904948561417
"CA",1991,0.29826378332312,0.809782212021397
"CA",1992,0.298625983259412,0.806716290242291
"CA",1993,0.301274586467473,0.803558684451648
"CA",1994,0.304456344857387,0.800848196894751
"CA",1995,0.30678083838819,0.798130536598552
"CA",1996,0.309257732495818,0.79592083209526
"CA",1997,0.307381762180089,0.79403647908746
"CA",1998,0.305226391371929,0.792468399182422
"CA",1999,0.303351745313113,0.790837716621565
"CA",2000,0.301751528194808,0.788856012230443
"CA",2001,0.29913115223563,0.785922562935879
"CA",2002,0.296941661500369,0.783125170642687
"CA",2003,0.295225202371226,0.78039933953153
"CA",2004,0.293572718899025,0.777624644071654
"CA",2005,0.291436016854219,0.774434496560408
"CA",2006,0.28944964135289,0.771034320287257
"CA",2007,0.287419685861454,0.767781992270356
"CA",2008,0.285448907324834,0.764672940258418
"CA",2009,0.282757372597107,0.761541506100893
"CA",2010,0.279401423952549,0.758767895670205
"CA",2011,0.275089045436586,0.757083177541514
"CA",2012,0.271098111139219,0.755414663968294
"CA",2013,0.267617129778329,0.753412991740081
"CA",2014,0.264219820145477,0.751146955258563
"CA",2015,0.261213198144974,0.748568228440046
"CA",2016,0.258441054009668,0.74620450108697
"CA",2017,0.255916606774898,0.743803809378188
"CA",2018,0.253486605759505,0.741612881873887
"CA",2019,0.251198141901558,0.739107111234921
"CO",1990,0.295597919711406,0.930523113612273
"CO",1991,0.291553972564885,0.929246359516746
"CO",1992,0.290396943424928,0.92784227642416
"CO",1993,0.287962810765817,0.926454741826598
"CO",1994,0.28544684342919,0.925492888612973
"CO",1995,0.283559549298042,0.924530915136544
"CO",1996,0.28288671449694,0.923449198106517
"CO",1997,0.283540299326107,0.922254549382039
"CO",1998,0.285498194036446,0.92040375655966
"CO",1999,0.285114734485277,0.918808438582136
"CO",2000,0.284554074363733,0.91610801306518
"CO",2001,0.283984610750828,0.914238399597622
"CO",2002,0.282694482414285,0.912556013866007
"CO",2003,0.281851078845028,0.911431720843715
"CO",2004,0.279556364102135,0.909495120560313
"CO",2005,0.278397059687108,0.908171354747783
"CO",2006,0.276575001858944,0.906373009368016
"CO",2007,0.275495704711287,0.904788807685806
"CO",2008,0.274265859260123,0.902816106410783
"CO",2009,0.272879482803872,0.900721914566907
"CO",2010,0.270775014765177,0.89834584452155
"CO",2011,0.268210707526574,0.89718943634854
"CO",2012,0.264957159614355,0.895806127395142
"CO",2013,0.261856867528874,0.894276466184036
"CO",2014,0.259181649094101,0.892699408852281
"CO",2015,0.256394911187217,0.890935953559804
"CO",2016,0.25354368804966,0.889566662424188
"CO",2017,0.250582825556832,0.888383493246921
"CO",2018,0.247781389341286,0.886867416807481
"CO",2019,0.244493062366464,0.885530783144079
"CT",1990,0.257139880199285,0.895862261073698
"CT",1991,0.257723603081539,0.892286917991641
"CT",1992,0.259527338343969,0.889553223668106
"CT",1993,0.262430061873428,0.886332998405947
"CT",1994,0.264743053706424,0.884013882484988
"CT",1995,0.26633894319861,0.881466326368533
"CT",1996,0.266742590325428,0.879005959507715
"CT",1997,0.266923293727615,0.876169630626617
"CT",1998,0.269386085021715,0.872904825409051
"CT",1999,0.270912098124233,0.869588391924052
"CT",2000,0.271457366645006,0.866648670179792
"CT",2001,0.272290978156538,0.863784015252699
"CT",2002,0.272014245613082,0.860409066977685
"CT",2003,0.270954925127772,0.857017807697076
"CT",2004,0.2697999538914,0.854168966852722
"CT",2005,0.267818016536278,0.851091944124762
"CT",2006,0.265846377783969,0.847803244386574
"CT",2007,0.26381734315774,0.844651245864365
"CT",2008,0.261386645171353,0.841615995582104
"CT",2009,0.258705202162835,0.838294719506138
"CT",2010,0.255997434001823,0.835208098987627
"CT",2011,0.254132408174049,0.832662585420381
"CT",2012,0.251341267759192,0.829782445465312
"CT",2013,0.24764794882444,0.827392644069654
"CT",2014,0.244545592128471,0.824355603134101
"CT",2015,0.24164887617427,0.821235798503647
"CT",2016,0.239222546009227,0.818650243240834
"CT",2017,0.237040190054171,0.81585241864866
"CT",2018,0.234938905564018,0.813008186990413
"CT",2019,0.232683091150867,0.809585315291588
"DC",1990,0.22318406267088,0.316912844589895
"DC",1991,0.224041806047897,0.311856141927538
"DC",1992,0.223061926317639,0.31050178641654
"DC",1993,0.225682469876583,0.3131071508363
"DC",1994,0.230896121947122,0.317395827499538
"DC",1995,0.237448687979852,0.322059474571804
"DC",1996,0.23844424216906,0.327735041764431
"DC",1997,0.239687108092494,0.334091901869883
"DC",1998,0.234014471984856,0.33932027670152
"DC",1999,0.236323970165535,0.346114522117174
"DC",2000,0.236491470965622,0.34785139656601
"DC",2001,0.235559717599877,0.356279503711027
"DC",2002,0.235245778650913,0.359991485768322
"DC",2003,0.232892760271732,0.36324410468213
"DC",2004,0.230141927665855,0.370322357922621
"DC",2005,0.225975780059809,0.380074620549568
"DC",2006,0.222271286410446,0.387719233687472
"DC",2007,0.218402030626528,0.398057812967876
"DC",2008,0.215200366747324,0.405731460991734
"DC",2009,0.211487805372255,0.417384858534213
"DC",2010,0.205225816471863,0.426181294260326
"DC",2011,0.204570829299774,0.432345918038077
"DC",2012,0.205396236399947,0.437961078806282
"DC",2013,0.20642164465301,0.440867470768436
"DC",2014,0.207143590486889,0.444772076675001
"DC",2015,0.207710986082322,0.449498075214688
"DC",2016,0.207362043699832,0.453791474377201
"DC",2017,0.209612523132625,0.458574253208348
"DC",2018,0.210725724719798,0.46284710789156
"DC",2019,0.211600724903613,0.468267046782921
"DE",1990,0.279401463931167,0.812425044842413
"DE",1991,0.276245827721497,0.808403115301282
"DE",1992,0.275690182393784,0.804321329639889
"DE",1993,0.275594653287617,0.800967753808867
"DE",1994,0.277635548989959,0.796956288455776
"DE",1995,0.275378425563287,0.792798471771906
"DE",1996,0.275474137523837,0.789082522129567
"DE",1997,0.276205709480004,0.784253087545094
"DE",1998,0.277212495169225,0.779889563559905
"DE",1999,0.278361011109821,0.775768719596382
"DE",2000,0.27804744059117,0.771865259870316
"DE",2001,0.27622756846496,0.767177035537307
"DE",2002,0.274523083869511,0.762902071401902
"DE",2003,0.27246843837981,0.758553452737948
"DE",2004,0.270720014251273,0.754490535060658
"DE",2005,0.269161687274448,0.749450393421286
"DE",2006,0.267036593938096,0.744881689996602
"DE",2007,0.265878136940794,0.7400134671792
"DE",2008,0.264481136451576,0.735750797059309
"DE",2009,0.262757785428325,0.731841476680161
"DE",2010,0.259280585776012,0.728791798068682
"DE",2011,0.255569600862262,0.726081987610497
"DE",2012,0.252433676909107,0.724168714535626
"DE",2013,0.248460332446924,0.721276862976084
"DE",2014,0.245155160340037,0.718628785173413
"DE",2015,0.242810639446184,0.715308971455041
"DE",2016,0.240985287500224,0.712663119479915
"DE",2017,0.239246966262308,0.710284974336946
"DE",2018,0.23726771892501,0.707439519658118
"DE",2019,0.23507954699496,0.704795001663648
"FL",1990,0.255587089293608,0.847228489285183
"FL",1991,0.252497232942487,0.844665491580351
"FL",1992,0.252236081571201,0.841545833344627
"FL",1993,0.254013714903622,0.838728213921191
"FL",1994,0.25464842587955,0.835974986101985
"FL",1995,0.254508585333138,0.833406395363834
"FL",1996,0.254406141102081,0.831033045721641
"FL",1997,0.254245535977681,0.828323995094527
"FL",1998,0.254052498040397,0.826014610476091
"FL",1999,0.254024560927714,0.823553289172235
"FL",2000,0.252910746617155,0.821402441437194
"FL",2001,0.251970567157748,0.818786014472366
"FL",2002,0.251076104130953,0.816302592608349
"FL",2003,0.250065734204457,0.813839850835843
"FL",2004,0.249130966198837,0.811463333600914
"FL",2005,0.248094472167361,0.808688278771741
"FL",2006,0.247458549820306,0.805540323410758
"FL",2007,0.246110185399025,0.803087537447241
"FL",2008,0.244375962936865,0.800598737916821
"FL",2009,0.241984299920161,0.798502936098496
"FL",2010,0.238933440845968,0.79672980398489
"FL",2011,0.23536730267933,0.794335366741095
"FL",2012,0.23215376325888,0.792345322700147
"FL",2013,0.229939023170459,0.790848548633988
"FL",2014,0.227665386587696,0.789527626119053
"FL",2015,0.225926790592053,0.788530599322818
"FL",2016,0.224514040013725,0.787603663370328
"FL",2017,0.223055777646725,0.786470967576057
"FL",2018,0.221467322296123,0.785633776788399
"FL",2019,0.2195098580451,0.784742917747806
"GA",1990,0.301382611742588,0.715440310954055
"GA",1991,0.297403353822821,0.712423032900171
"GA",1992,0.295887477606285,0.709339446104216
"GA",1993,0.295882486128307,0.705622764479296
"GA",1994,0.294426913449669,0.701829006317445
"GA",1995,0.294091230939086,0.698506620737669
"GA",1996,0.294408970241442,0.694987741080638
"GA",1997,0.293768889639548,0.691483870279355
"GA",1998,0.294251212177321,0.68781181900865
"GA",1999,0.29498363465414,0.684020872574017
"GA",2000,0.294504164973625,0.680027100010781
"GA",2001,0.293691994712212,0.676664472573719
"GA",2002,0.293114358571251,0.673158518032368
"GA",2003,0.29297444575093,0.669920523431329
"GA",2004,0.292273845021217,0.666120325884123
"GA",2005,0.292473203328463,0.662273992535449
"GA",2006,0.291573451751363,0.656902887815642
"GA",2007,0.29187727299757,0.652618163788018
"GA",2008,0.290777659346925,0.648713082372849
"GA",2009,0.288668376980569,0.644868445041112
"GA",2010,0.286287486430281,0.641607532052751
"GA",2011,0.283075800278523,0.638241166910535
"GA",2012,0.279879774941599,0.635334088106465
"GA",2013,0.277288525751721,0.632105417319004
"GA",2014,0.274817383606572,0.628822209935993
"GA",2015,0.272704961768726,0.625431856156445
"GA",2016,0.270751677604789,0.621801727644151
"GA",2017,0.268565549795251,0.618475302896258
"GA",2018,0.266296557430404,0.615398000462557
"GA",2019,0.263876554602751,0.612342844398306
"HI",1990,0.279090715596264,0.338965469860107
"HI",1991,0.280252367706645,0.337198725493818
"HI",1992,0.28173773296174,0.334166801166567
"HI",1993,0.283490132482065,0.328371011171193
"HI",1994,0.284815786637205,0.323341776586141
"HI",1995,0.284890220528151,0.318369659123001
"HI",1996,0.284145860245648,0.313216559848142
"HI",1997,0.28079792677693,0.308395232907464
"HI",1998,0.276449865992777,0.30408324987883
"HI",1999,0.273527224655044,0.299700900603156
"HI",2000,0.269373615081428,0.295784408814366
"HI",2001,0.266494174304294,0.298165175031894
"HI",2002,0.263539507894803,0.299917796925331
"HI",2003,0.261613678252238,0.300127722086969
"HI",2004,0.259940372292353,0.300739889240395
"HI",2005,0.256144172521851,0.302913448990469
"HI",2006,0.25407049233774,0.304769452658599
"HI",2007,0.25348129287248,0.302409029585574
"HI",2008,0.251586645679032,0.303085917942551
"HI",2009,0.250678501867876,0.302092421793146
"HI",2010,0.248064646914909,0.301912881801046
"HI",2011,0.245826775192866,0.301947541159506
"HI",2012,0.243717396852891,0.303019635733766
"HI",2013,0.241892201843006,0.305283250120895
"HI",2014,0.239555953958112,0.306180533856284
"HI",2015,0.238227575362926,0.307008463825514
"HI",2016,0.236446269471174,0.306770508259203
"HI",2017,0.235578242802373,0.305666343488068
"HI",2018,0.234380290484326,0.304482001530347
"HI",2019,0.233136893730507,0.302656596076481
"IA",1990,0.289744978277739,0.97113790705418
"IA",1991,0.287202339994846,0.970026590525566
"IA",1992,0.2841614802152,0.968934512867403
"IA",1993,0.284249544937349,0.967763869364943
"IA",1994,0.284129838294959,0.966662410470803
"IA",1995,0.282993876276299,0.965693336723196
"IA",1996,0.283629513888889,0.964738541666667
"IA",1997,0.283620632703116,0.963960667132692
"IA",1998,0.283776894055267,0.963132718218371
"IA",1999,0.283738810282578,0.961898579465416
"IA",2000,0.282657924861398,0.958404160778842
"IA",2001,0.281294967218589,0.956971647651754
"IA",2002,0.278627744072218,0.955454132151696
"IA",2003,0.276648292538509,0.953774627387705
"IA",2004,0.274994709908299,0.952055010182368
"IA",2005,0.273153167497286,0.950250872504684
"IA",2006,0.272302695192588,0.948255306365761
"IA",2007,0.271682695321304,0.946092506965163
"IA",2008,0.2713702964862,0.944040144076342
"IA",2009,0.270503846191891,0.94183265355917
"IA",2010,0.269101481769207,0.939572137297611
"IA",2011,0.267486994249815,0.937014730283961
"IA",2012,0.265594127800949,0.934806692694534
"IA",2013,0.264537598969543,0.931505591502352
"IA",2014,0.263791146059466,0.928248669336035
"IA",2015,0.263021954783144,0.925640828463037
"IA",2016,0.262348345181711,0.923024770938991
"IA",2017,0.261596345752893,0.920100905603922
"IA",2018,0.260161442258159,0.918120584967754
"IA",2019,0.258737524048595,0.916491551692989
"ID",1990,0.341571972690205,0.973100128014666
"ID",1991,0.335511026431938,0.972972661516773
"ID",1992,0.334327717566262,0.972669207836258
"ID",1993,0.333318602268464,0.972195265375624
"ID",1994,0.33360549801771,0.9723326405505
"ID",1995,0.33067419108791,0.971746896770807
"ID",1996,0.328874233947284,0.97137853331815
"ID",1997,0.326299938136945,0.970710285546837
"ID",1998,0.324808157594244,0.96966374677601
"ID",1999,0.322559682175854,0.968906632885831
"ID",2000,0.319770206936888,0.966270595568826
"ID",2001,0.317395500779568,0.964955051736338
"ID",2002,0.314483591122464,0.963865255317181
"ID",2003,0.31134166556646,0.962733060482037
"ID",2004,0.308851402713892,0.961616666738516
"ID",2005,0.307532132182174,0.960127877578084
"ID",2006,0.306011088951969,0.959001653878444
"ID",2007,0.305929486647111,0.957573724092339
"ID",2008,0.305556859064602,0.956608139110485
"ID",2009,0.304175332708456,0.955434725968661
"ID",2010,0.302457558383087,0.954653393992409
"ID",2011,0.299155886382433,0.953368562607724
"ID",2012,0.296016357805687,0.952612133961502
"ID",2013,0.293461543713219,0.951679673486817
"ID",2014,0.291460672228517,0.95075384155104
"ID",2015,0.28956263828246,0.949393086497818
"ID",2016,0.287237722749914,0.948020066810114
"ID",2017,0.284681684679938,0.947302084455221
"ID",2018,0.28118187800765,0.946857419670318
"ID",2019,0.277646867909114,0.946290146133465
"IL",1990,0.287530528276702,0.822668299730838
"IL",1991,0.28700002869747,0.820617040557823
"IL",1992,0.286617689613914,0.81836329922635
"IL",1993,0.286522406937622,0.815998436523436
"IL",1994,0.28793246805794,0.813994695525782
"IL",1995,0.289597971825975,0.812162315545312
"IL",1996,0.29127275440574,0.810497143570602
"IL",1997,0.292054836339107,0.808792426213809
"IL",1998,0.291438444433018,0.807173687872738
"IL",1999,0.291213219171099,0.805222825110729
"IL",2000,0.290035411315649,0.803257654456943
"IL",2001,0.288521909653284,0.801981271487363
"IL",2002,0.28694845961329,0.800629848287773
"IL",2003,0.285226209672088,0.799403010798179
"IL",2004,0.283699634616129,0.798094850479036
"IL",2005,0.281755775599543,0.796705335481169
"IL",2006,0.279740002238224,0.79519707243501
"IL",2007,0.278144870149071,0.793828715583482
"IL",2008,0.276348277929351,0.792549845697487
"IL",2009,0.274269351238257,0.791116170023423
"IL",2010,0.271815597878058,0.789790945105499
"IL",2011,0.268614910144618,0.788489393472866
"IL",2012,0.265261816214387,0.786976994390068
"IL",2013,0.261878496911508,0.785354919675484
"IL",2014,0.258867461839593,0.783943070169699
"IL",2015,0.256427040139396,0.782525708043907
"IL",2016,0.254286504759126,0.781519043639938
"IL",2017,0.252254510351027,0.78037453825969
"IL",2018,0.250218127368778,0.77911936512812
"IL",2019,0.248212865380595,0.777675047651005
"IN",1990,0.292163551104232,0.912639862046084
"IN",1991,0.28904591349458,0.911584278009283
"IN",1992,0.286785183028707,0.910139787369811
"IN",1993,0.285979363372033,0.908792600268443
"IN",1994,0.286792188384069,0.907312921353939
"IN",1995,0.28723434616905,0.905954566203061
"IN",1996,0.287191375975637,0.904705763431269
"IN",1997,0.288886123829544,0.903053045312662
"IN",1998,0.289869942389246,0.901562458325554
"IN",1999,0.290414888810844,0.899909825840298
"IN",2000,0.28966690994188,0.897572927572603
"IN",2001,0.288422523075316,0.895633641004217
"IN",2002,0.286662680290521,0.893733673361147
"IN",2003,0.285277435925739,0.891825535072405
"IN",2004,0.284522863523176,0.889856212258385
"IN",2005,0.283542583269944,0.887861592427376
"IN",2006,0.282794663671826,0.885634635254108
"IN",2007,0.282215386891872,0.883648329620717
"IN",2008,0.28153566037636,0.881709113084504
"IN",2009,0.280112550459994,0.879621941921176
"IN",2010,0.277904459980476,0.877639115547316
"IN",2011,0.275042169695273,0.875749018495739
"IN",2012,0.271973963944217,0.873820973513174
"IN",2013,0.269852861587955,0.871855415208428
"IN",2014,0.267875699688973,0.869976601709161
"IN",2015,0.266308204893695,0.868112841462001
"IN",2016,0.265044984372136,0.865784263126923
"IN",2017,0.263718598670667,0.863768342755972
"IN",2018,0.262363944005949,0.861113521520508
"IN",2019,0.260697104476251,0.858672304035267
"KS",1990,0.296725692355247,0.919741237528457
"KS",1991,0.296179006708229,0.918931357710061
"KS",1992,0.295409798001417,0.916962763298286
"KS",1993,0.29601294245715,0.916421251007707
"KS",1994,0.296577850993194,0.915089364014055
"KS",1995,0.295372138560181,0.914185928757593
"KS",1996,0.29554753889191,0.913537452276755
"KS",1997,0.296872604629772,0.912700755741679
"KS",1998,0.298045777678552,0.910927919212147
"KS",1999,0.297956419242082,0.909206754337951
"KS",2000,0.296832104469683,0.906242053160712
"KS",2001,0.295550377808584,0.904740352354892
"KS",2002,0.293333235060539,0.902933995691966
"KS",2003,0.291691088224623,0.901480497274334
"KS",2004,0.2893928516702,0.900015469725601
"KS",2005,0.287571226303583,0.898701744327303
"KS",2006,0.285602861598788,0.897015524455732
"KS",2007,0.285502292741717,0.895420802971494
"KS",2008,0.284786095533027,0.893267489911242
"KS",2009,0.284627691421342,0.891408703486139
"KS",2010,0.283947883100844,0.889497549148237
"KS",2011,0.28261743153639,0.888046772212008
"KS",2012,0.280484892680271,0.8863768461527
"KS",2013,0.278742103931547,0.884923745650163
"KS",2014,0.277110128513433,0.883503908842517
"KS",2015,0.275396002283938,0.881728532480627
"KS",2016,0.273909216708281,0.880585149874057
"KS",2017,0.272470552318925,0.880272683704642
"KS",2018,0.270457542336758,0.879263258155384
"KS",2019,0.2684540698325,0.87818889415971
"KY",1990,0.289350598584534,0.92233127452594
"KY",1991,0.286729433838179,0.921970068193883
"KY",1992,0.285603201088629,0.921364642757649
"KY",1993,0.28425326438288,0.920927410533429
"KY",1994,0.284361646187357,0.920144979797812
"KY",1995,0.282859588102876,0.919465240118978
"KY",1996,0.281841851137954,0.918482166889695
"KY",1997,0.283423654486361,0.917489786217028
"KY",1998,0.280377077274746,0.916317600034125
"KY",1999,0.277840287323238,0.915078770737967
"KY",2000,0.275163798854093,0.912785090519412
"KY",2001,0.272813419033601,0.911317282723373
"KY",2002,0.271314893486965,0.910091139704759
"KY",2003,0.270299016071719,0.909202923367264
"KY",2004,0.268555927605237,0.907602347362016
"KY",2005,0.26759216800845,0.906283963964309
"KY",2006,0.266905240494791,0.905216082805454
"KY",2007,0.266173198216823,0.903669110516385
"KY",2008,0.266436947624152,0.902662033745482
"KY",2009,0.265074446256886,0.900956990776623
"KY",2010,0.263573664481768,0.899423230081728
"KY",2011,0.261041127313911,0.898037242257749
"KY",2012,0.258571941201173,0.896558091860514
"KY",2013,0.257114114849753,0.894766655035044
"KY",2014,0.255446273051814,0.893637317756254
"KY",2015,0.254332151823688,0.892183102664813
"KY",2016,0.253571169456322,0.890638103619906
"KY",2017,0.25279520460134,0.88909158208805
"KY",2018,0.25175644054351,0.888215445648244
"KY",2019,0.250451185661977,0.887100734543464
"LA",1990,0.318972354112204,0.677286350073859
"LA",1991,0.318795921922827,0.674522409651471
"LA",1992,0.318372943135609,0.671283015641964
"LA",1993,0.317361716678698,0.66776302071991
"LA",1994,0.317559064662962,0.664790714439005
"LA",1995,0.316663161123226,0.662069266341142
"LA",1996,0.314771474628638,0.659377609330745
"LA",1997,0.312537391957741,0.657402923409283
"LA",1998,0.310754076711174,0.655632761786024
"LA",1999,0.308540532203673,0.653594380035379
"LA",2000,0.305463356056786,0.651188480920238
"LA",2001,0.301286212768333,0.64995338190548
"LA",2002,0.297617864360733,0.648609032997151
"LA",2003,0.29452878340878,0.647311172955261
"LA",2004,0.291291228622054,0.646033884871573
"LA",2005,0.288271845559657,0.644802898553258
"LA",2006,0.281059296970598,0.658681770484107
"LA",2007,0.28106484601702,0.65387887917056
"LA",2008,0.280762902579276,0.650116354411796
"LA",2009,0.278576593713488,0.647982433173748
"LA",2010,0.2755143984023,0.646470087568973
"LA",2011,0.271756973091108,0.645002813823248
"LA",2012,0.268799940534305,0.643795050263292
"LA",2013,0.266443897938103,0.642472841006226
"LA",2014,0.264782850521736,0.641548161040893
"LA",2015,0.263551348574849,0.640656018014727
"LA",2016,0.262686519307374,0.63959334221864
"LA",2017,0.261651065396869,0.638224966599294
"LA",2018,0.260285984689969,0.63718122879419
"LA",2019,0.258833796464201,0.636302232363921
"MA",1990,0.256979373992032,0.918804696745065
"MA",1991,0.255907730702321,0.915431496709297
"MA",1992,0.255169390328842,0.912298968153878
"MA",1993,0.257566905021624,0.909209844818201
"MA",1994,0.259497696645629,0.906775630364739
"MA",1995,0.26054014975303,0.904465805685795
"MA",1996,0.262171677975635,0.901817482761455
"MA",1997,0.262718721862212,0.898367956096779
"MA",1998,0.264189062281264,0.895095664141835
"MA",1999,0.263811142180774,0.891633114860752
"MA",2000,0.263543718197344,0.888041289688079
"MA",2001,0.263068190521684,0.883925369910189
"MA",2002,0.262355455006431,0.880219989821115
"MA",2003,0.261320204622297,0.876729780080077
"MA",2004,0.260203818266854,0.873340079762568
"MA",2005,0.258447922864652,0.869871893979501
"MA",2006,0.256531427669279,0.866425151370871
"MA",2007,0.254588817423583,0.863247775539337
"MA",2008,0.252368113796221,0.859830789057975
"MA",2009,0.249805565319696,0.856400341658825
"MA",2010,0.247310702956776,0.853167846096748
"MA",2011,0.245043420487805,0.849556738004195
"MA",2012,0.242263663317077,0.845516399882635
"MA",2013,0.239554378127646,0.841633082910604
"MA",2014,0.236837303307783,0.837700492532749
"MA",2015,0.234435023375724,0.833972012714322
"MA",2016,0.232264221508621,0.829938648292809
"MA",2017,0.230328804574018,0.825809656827637
"MA",2018,0.228350333847429,0.822771656494933
"MA",2019,0.226076216434001,0.819622856892482
"MD",1990,0.274130635426281,0.716673090585591
"MD",1991,0.274415471477868,0.711422843221183
"MD",1992,0.27542974646624,0.706615471360256
"MD",1993,0.277500965930655,0.700727027493977
"MD",1994,0.278447201506651,0.695128467507854
"MD",1995,0.280066618895774,0.689747384287242
"MD",1996,0.279126742522378,0.68378669268656
"MD",1997,0.280528987103399,0.678311714903531
"MD",1998,0.282252504772826,0.67324973330587
"MD",1999,0.282207338497279,0.66831039779359
"MD",2000,0.281260108671871,0.664299644852584
"MD",2001,0.280216295225158,0.659922961152557
"MD",2002,0.279230952051407,0.655622971077987
"MD",2003,0.277733313271239,0.651263429792101
"MD",2004,0.276417877620704,0.646445108875442
"MD",2005,0.274394492934045,0.641584914041055
"MD",2006,0.272270672945269,0.637044820428453
"MD",2007,0.270206926512291,0.633050188488077
"MD",2008,0.267782651256428,0.629672654097255
"MD",2009,0.265057793643293,0.626104375480334
"MD",2010,0.262020213711499,0.622973942952107
"MD",2011,0.259494994279397,0.620507451169371
"MD",2012,0.256647537486037,0.618101910109611
"MD",2013,0.254071287286509,0.615402550113216
"MD",2014,0.25245048791538,0.612348783833167
"MD",2015,0.250715805800692,0.608882674676162
"MD",2016,0.24970287289223,0.606010870979289
"MD",2017,0.248544954836328,0.603023007808272
"MD",2018,0.247524852538238,0.60070161347241
"MD",2019,0.246410825581241,0.598257433406995
"ME",1990,0.280781574368829,0.985620908665045
"ME",1991,0.279225855057187,0.985296031545226
"ME",1992,0.277913424862819,0.984707406007874
"ME",1993,0.276761206212338,0.984482034159166
"ME",1994,0.276731725923863,0.984374673080854
"ME",1995,0.274654196287837,0.98374079197092
"ME",1996,0.272822762717564,0.98318655629033
"ME",1997,0.269909162924957,0.982266129199362
"ME",1998,0.268887888195551,0.981041626460238
"ME",1999,0.265546160112661,0.980397976646816
"ME",2000,0.262877895686383,0.978556416552865
"ME",2001,0.261017413190718,0.977214605053154
"ME",2002,0.258131423809377,0.975814839964196
"ME",2003,0.255371358723564,0.974216865809984
"ME",2004,0.2525957457174,0.972896151902126
"ME",2005,0.249382955700959,0.97141615742345
"ME",2006,0.246218133768101,0.970161353078189
"ME",2007,0.243203671328671,0.968944417651314
"ME",2008,0.240095331936875,0.967537235749627
"ME",2009,0.23695199271956,0.966346016441159
"ME",2010,0.233364893354996,0.96561614728211
"ME",2011,0.230001264789759,0.964407461055015
"ME",2012,0.226638869829611,0.963666531347888
"ME",2013,0.223451798895941,0.962720885174724
"ME",2014,0.220636701783447,0.961214208354221
"ME",2015,0.218146721053527,0.960585336326719
"ME",2016,0.215945563678673,0.95919904876149
"ME",2017,0.213574432119597,0.95833620557885
"ME",2018,0.211273306513464,0.957389416581968
"ME",2019,0.209161947668969,0.956414613171137
"MI",1990,0.296179520860578,0.84243392370082
"MI",1991,0.294151788117287,0.840632986988064
"MI",1992,0.292286633755544,0.839170846491716
"MI",1993,0.292240008872011,0.83739628268593
"MI",1994,0.291664170418506,0.835667095274647
"MI",1995,0.291806059210573,0.833883428131114
"MI",1996,0.291406337662657,0.832449382060727
"MI",1997,0.291674495320699,0.830948580041025
"MI",1998,0.291791828180954,0.829216195627472
"MI",1999,0.291112279577202,0.827200368268898
"MI",2000,0.289876362101794,0.825157222593432
"MI",2001,0.288323331118033,0.823748788924565
"MI",2002,0.286536051862524,0.82249006810301
"MI",2003,0.284730676320805,0.821199798588847
"MI",2004,0.283151746116357,0.820092458565445
"MI",2005,0.280944832410502,0.819002865048999
"MI",2006,0.278679695789621,0.817899536681699
"MI",2007,0.276542391956873,0.816969501116057
"MI",2008,0.273899507675214,0.816199818857936
"MI",2009,0.270900302789723,0.815358158098027
"MI",2010,0.266917573356038,0.814112969766672
"MI",2011,0.262684049197706,0.812798636608148
"MI",2012,0.258755024807659,0.811554847382755
"MI",2013,0.255379945556697,0.810571402487525
"MI",2014,0.252335584593037,0.809422158325082
"MI",2015,0.249737633429876,0.808275610002905
"MI",2016,0.247594133040204,0.806975197704735
"MI",2017,0.245546175447308,0.805828450371669
"MI",2018,0.243262468459763,0.805010721076531
"MI",2019,0.241085859144674,0.804101831036531
"MN",1990,0.296792811246471,0.94842907183537
"MN",1991,0.294751533430807,0.946354072489129
"MN",1992,0.295311920262872,0.943158957302875
"MN",1993,0.295058949234343,0.940364191561197
"MN",1994,0.294934771834273,0.937339966228197
"MN",1995,0.2940555944191,0.934223785347347
"MN",1996,0.293426429614327,0.931495257517409
"MN",1997,0.293805252141857,0.928056279246503
"MN",1998,0.294584382138907,0.924214257994121
"MN",1999,0.293323191369783,0.920274850768886
"MN",2000,0.291487591848052,0.915555531233
"MN",2001,0.289743950986555,0.912118216358847
"MN",2002,0.28672596875632,0.908782440896326
"MN",2003,0.284026031488223,0.905563035413367
"MN",2004,0.281960283530144,0.902160558191863
"MN",2005,0.279294780566755,0.898652394191888
"MN",2006,0.277080228640927,0.894827497722015
"MN",2007,0.275373362628651,0.891077801268743
"MN",2008,0.273489437238447,0.887661334495136
"MN",2009,0.271486061035715,0.884825105189102
"MN",2010,0.269552506690106,0.882026117208089
"MN",2011,0.267757708688301,0.878669912121692
"MN",2012,0.265230181732356,0.875685441640816
"MN",2013,0.263092920467596,0.872539451986421
"MN",2014,0.261633705914003,0.868876235328822
"MN",2015,0.260290527308122,0.86507284160326
"MN",2016,0.259455444612316,0.860919499437236
"MN",2017,0.258646516583037,0.857179635049216
"MN",2018,0.257536010262834,0.853857008491774
"MN",2019,0.256283743336445,0.850864559957104
"MO",1990,0.286995601378859,0.880545655191777
"MO",1991,0.285702985998298,0.879237835538021
"MO",1992,0.285405055412958,0.877575879784578
"MO",1993,0.285925813504579,0.875949669665682
"MO",1994,0.285905128691029,0.874469832549441
"MO",1995,0.286418418492122,0.873319503548275
"MO",1996,0.287372690646671,0.871786025101845
"MO",1997,0.287539409759883,0.870234271991517
"MO",1998,0.288213279630698,0.868812961073135
"MO",1999,0.286626376226459,0.867496963294155
"MO",2000,0.284496686007578,0.864883807404118
"MO",2001,0.282401152107144,0.863368268339992
"MO",2002,0.280127052376064,0.861918737582216
"MO",2003,0.278260967039811,0.860569134811468
"MO",2004,0.27668330914702,0.859048798475784
"MO",2005,0.274926169628517,0.857623957307912
"MO",2006,0.273310439823753,0.856142635327752
"MO",2007,0.272132742442946,0.854962759094859
"MO",2008,0.270870991418514,0.853748770239146
"MO",2009,0.269074705825514,0.852426100738657
"MO",2010,0.26669128318435,0.850996685442599
"MO",2011,0.26369592073574,0.84972817383564
"MO",2012,0.260610450857327,0.848656464654295
"MO",2013,0.258087494609496,0.847491729042009
"MO",2014,0.256100275387116,0.846281052052095
"MO",2015,0.254631956746444,0.845015392642495
"MO",2016,0.253342335926507,0.844065229373096
"MO",2017,0.252013290385759,0.842922411068553
"MO",2018,0.250539440275888,0.841994680168968
"MO",2019,0.248848703398231,0.840967910336382
"MS",1990,0.321967104541205,0.636053320469953
"MS",1991,0.319313296133154,0.633786156561678
"MS",1992,0.318921811433629,0.631148965558246
"MS",1993,0.317568076531957,0.629177432111785
"MS",1994,0.31693995370756,0.627976208185075
"MS",1995,0.315269007246225,0.626542288255709
"MS",1996,0.313868020821772,0.625188085521372
"MS",1997,0.312941573004576,0.62435127929236
"MS",1998,0.310566329415573,0.623458999712639
"MS",1999,0.309119829953811,0.622553393994077
"MS",2000,0.306229248973003,0.62190465858691
"MS",2001,0.302773156901136,0.621044418600249
"MS",2002,0.299451740155687,0.62031965091593
"MS",2003,0.296817082660464,0.619470266832897
"MS",2004,0.295094167206067,0.618534376828048
"MS",2005,0.292887713213921,0.617527597753982
"MS",2006,0.291299280063395,0.613656626659479
"MS",2007,0.291099766079874,0.612046715727287
"MS",2008,0.290100501864777,0.610419749467909
"MS",2009,0.288361666014369,0.609463919853291
"MS",2010,0.285050435138567,0.607681478299627
"MS",2011,0.281252318520874,0.606325646726744
"MS",2012,0.27803591106154,0.605321507760532
"MS",2013,0.275146041219777,0.603617077730165
"MS",2014,0.272788071967331,0.602154913545305
"MS",2015,0.27084719911955,0.600698818894344
"MS",2016,0.269097283812449,0.599530512346642
"MS",2017,0.267107689115981,0.598569855881359
"MS",2018,0.264637271806294,0.597547148291524
"MS",2019,0.262247286678187,0.597184482362946
"MT",1990,0.307442852072721,0.932777141828834
"MT",1991,0.305866515166485,0.931728584132003
"MT",1992,0.30731075238868,0.931941097400002
"MT",1993,0.306548242639042,0.931967739987997
"MT",1994,0.304312288547856,0.931253236364312
"MT",1995,0.299346417159031,0.930722956854862
"MT",1996,0.295552967885053,0.929947847908162
"MT",1997,0.291868991363859,0.928925174043254
"MT",1998,0.29059389465404,0.927426322034981
"MT",1999,0.288220593265568,0.925652947553612
"MT",2000,0.284980852492827,0.922564626294435
"MT",2001,0.282735420817433,0.921143246512254
"MT",2002,0.278081799604461,0.92026255200638
"MT",2003,0.274203755858334,0.919485010275872
"MT",2004,0.270197385186595,0.918719066159575
"MT",2005,0.266071128452019,0.917896143184463
"MT",2006,0.262453132806825,0.917457058524686
"MT",2007,0.260091675598576,0.916796412585803
"MT",2008,0.25806854667329,0.916412590957738
"MT",2009,0.255843094690757,0.91528097058686
"MT",2010,0.253397355599139,0.914431960528799
"MT",2011,0.251602300574743,0.912516193463255
"MT",2012,0.248972138400431,0.911017620342245
"MT",2013,0.247590445248424,0.909561164558111
"MT",2014,0.246141139421981,0.908577322533515
"MT",2015,0.244844367888595,0.907882287294694
"MT",2016,0.243623776131061,0.907033517508135
"MT",2017,0.242189415115888,0.906118109383343
"MT",2018,0.23993438078941,0.905979739125926
"MT",2019,0.238043822009809,0.905640834672869
"NC",1990,0.277972321795146,0.759093765681235
"NC",1991,0.272230951552707,0.757783434645976
"NC",1992,0.270986517164757,0.756158066140909
"NC",1993,0.27061696042692,0.75473013785107
"NC",1994,0.270887879034944,0.753736053019465
"NC",1995,0.270350733061808,0.753056160150879
"NC",1996,0.270653154984821,0.752440381992542
"NC",1997,0.271038191417461,0.75190068990737
"NC",1998,0.271016802019075,0.751530806092005
"NC",1999,0.271541574222129,0.751112825295014
"NC",2000,0.271792243480077,0.749553987606931
"NC",2001,0.272754412175605,0.748051003383385
"NC",2002,0.273058145005147,0.746411358553559
"NC",2003,0.273177765131758,0.744654111646885
"NC",2004,0.272498021781912,0.743106868672508
"NC",2005,0.272375777490932,0.741682726608877
"NC",2006,0.271387207071222,0.740152199047466
"NC",2007,0.27200646367195,0.738440631464865
"NC",2008,0.271114219541887,0.73648107422899
"NC",2009,0.270114733311562,0.734374255918208
"NC",2010,0.26751071590127,0.73238264470501
"NC",2011,0.264883006032974,0.730488200371273
"NC",2012,0.262062802144443,0.728398121088764
"NC",2013,0.259344088223749,0.726028045776351
"NC",2014,0.256864696034496,0.724043774987071
"NC",2015,0.254690307054296,0.722540448496687
"NC",2016,0.253095977976104,0.720856210882984
"NC",2017,0.251332142540981,0.719138141878939
"NC",2018,0.249494707711661,0.718036548263445
"NC",2019,0.247179275070642,0.717036781932715
"ND",1990,0.299586786579581,0.949771438876561
"ND",1991,0.299253011782878,0.948225175500548
"ND",1992,0.298201412359003,0.947054556166105
"ND",1993,0.29796199720531,0.946790161193732
"ND",1994,0.297380289204161,0.945960322826781
"ND",1995,0.295579718198545,0.945137010829968
"ND",1996,0.292821757059697,0.943345603045595
"ND",1997,0.291117965387954,0.942519500828054
"ND",1998,0.290072150874397,0.940694822804124
"ND",1999,0.288321932638892,0.93906177484521
"ND",2000,0.285298190251751,0.934468079803995
"ND",2001,0.283359048104879,0.932161511715608
"ND",2002,0.278616289127628,0.930032530618897
"ND",2003,0.273773240223726,0.928159394631013
"ND",2004,0.269476737422542,0.925930464320891
"ND",2005,0.265752860673994,0.923631264423322
"ND",2006,0.262113079014878,0.92149942564311
"ND",2007,0.260217946086376,0.919624338640548
"ND",2008,0.25852191937272,0.917877819666073
"ND",2009,0.256988306204208,0.915853093682704
"ND",2010,0.255764285661353,0.913907353475171
"ND",2011,0.255586121347003,0.91142617388449
"ND",2012,0.256062671854142,0.909028546327883
"ND",2013,0.257093829116554,0.904954877596131
"ND",2014,0.258658450422497,0.901414562768426
"ND",2015,0.260206666259983,0.894983993443545
"ND",2016,0.261194484872103,0.889674908606982
"ND",2017,0.261632019413412,0.885870702650005
"ND",2018,0.262621359223301,0.883488550021106
"ND",2019,0.263465439819857,0.881857381682855
"NE",1990,0.301687467597334,0.947923700416019
"NE",1991,0.300540942240803,0.947258601470375
"NE",1992,0.298422708627668,0.945908852028961
"NE",1993,0.298462096838686,0.944529063293942
"NE",1994,0.298584355119854,0.943183849580334
"NE",1995,0.297119720553871,0.941509071860335
"NE",1996,0.296641055361048,0.939860432325212
"NE",1997,0.297026004229082,0.93840079980171
"NE",1998,0.29724687112281,0.93717007033782
"NE",1999,0.296390585441739,0.935459688261836
"NE",2000,0.294428819829387,0.93167718896967
"NE",2001,0.293624508383357,0.929638639963345
"NE",2002,0.291726166643137,0.927817753018587
"NE",2003,0.289723077135444,0.925847917024944
"NE",2004,0.288032834677627,0.923934902279106
"NE",2005,0.285825635808633,0.922073100323191
"NE",2006,0.284140570307436,0.919890810196689
"NE",2007,0.283091104831113,0.917998923428879
"NE",2008,0.282549663823538,0.915431496043706
"NE",2009,0.281556124264419,0.913736709617732
"NE",2010,0.280581150910993,0.911837498127947
"NE",2011,0.279977095321709,0.910232784548252
"NE",2012,0.278676503518313,0.908421882444479
"NE",2013,0.277746653449698,0.906659539940138
"NE",2014,0.276934594994682,0.903654032493651
"NE",2015,0.276580321126942,0.901287331258192
"NE",2016,0.276257126304565,0.898332087891789
"NE",2017,0.275878716895613,0.89637604798045
"NE",2018,0.275032275419684,0.894465869068256
"NE",2019,0.273893098043432,0.892756336822428
"NH",1990,0.280276415338588,0.983037332431966
"NH",1991,0.280215220973594,0.983349385411139
"NH",1992,0.280787701380589,0.982725642879125
"NH",1993,0.281504934225088,0.982017923641251
"NH",1994,0.282733510712785,0.9815221957709
"NH",1995,0.281883200971698,0.980490876938667
"NH",1996,0.280696064335386,0.979064780598594
"NH",1997,0.280545641801711,0.978268491077622
"NH",1998,0.281646682256165,0.977195382854868
"NH",1999,0.279965695974023,0.975438906591905
"NH",2000,0.278253898354843,0.97318615803762
"NH",2001,0.27702611752768,0.970714056440494
"NH",2002,0.274948407873679,0.968793362798039
"NH",2003,0.272062132766596,0.967019314914364
"NH",2004,0.268853076571887,0.965435025086794
"NH",2005,0.265889970827699,0.963685567566069
"NH",2006,0.26236998323893,0.962095370719259
"NH",2007,0.258728114952687,0.96084462187819
"NH",2008,0.254857869787052,0.959301804232217
"NH",2009,0.250836181390196,0.958120267274117
"NH",2010,0.246712769657691,0.957229932212503
"NH",2011,0.243413507932877,0.955157619818785
"NH",2012,0.238886388487818,0.95310640431586
"NH",2013,0.234597345739781,0.95144736028801
"NH",2014,0.230126426773046,0.949817038552028
"NH",2015,0.226567890148539,0.947856474725933
"NH",2016,0.223353524938781,0.945940086731277
"NH",2017,0.220297200373373,0.944789651738933
"NH",2018,0.217162615952389,0.943567066750895
"NH",2019,0.21404401376469,0.942470863293744
"NJ",1990,0.261846410964473,0.822645683098065
"NJ",1991,0.262690481345612,0.818816672629806
"NJ",1992,0.264719355655752,0.814735801296059
"NJ",1993,0.266846858973835,0.811040752102645
"NJ",1994,0.269233543116522,0.807670433347566
"NJ",1995,0.270500747101225,0.804553049382909
"NJ",1996,0.270958953057305,0.80124757104524
"NJ",1997,0.270272769481901,0.797607998629485
"NJ",1998,0.270171119641847,0.794064086063959
"NJ",1999,0.270791206078,0.790611671000211
"NJ",2000,0.271084656753043,0.787223384849111
"NJ",2001,0.27120419476982,0.783277369392974
"NJ",2002,0.271115490264238,0.779534232868132
"NJ",2003,0.270921647424455,0.776001051921536
"NJ",2004,0.270644911767952,0.772558442751172
"NJ",2005,0.269545308388583,0.769082870568034
"NJ",2006,0.267888246609,0.765784093361114
"NJ",2007,0.266299910634907,0.762311554024973
"NJ",2008,0.264436138301866,0.75899893124741
"NJ",2009,0.262369623470779,0.755629138921573
"NJ",2010,0.260122625901676,0.752640677606295
"NJ",2011,0.258016743547916,0.750009656645919
"NJ",2012,0.255217275590954,0.747429773988343
"NJ",2013,0.252510000031614,0.744922418180841
"NJ",2014,0.250279625811874,0.742421280328049
"NJ",2015,0.248150840741191,0.739584767571397
"NJ",2016,0.246435084350084,0.737029366033178
"NJ",2017,0.245014447655034,0.734237763103474
"NJ",2018,0.243682636499447,0.732303589062601
"NJ",2019,0.242224834190667,0.730093591783108
"NM",1990,0.328150323283652,0.878684178357411
"NM",1991,0.326556527497822,0.87622813531751
"NM",1992,0.325959828060186,0.874236731889972
"NM",1993,0.327296292652462,0.873391414235545
"NM",1994,0.325000386353289,0.87286955880832
"NM",1995,0.322881270220659,0.872725666329922
"NM",1996,0.319963865171207,0.871239712245324
"NM",1997,0.319894367883509,0.869932991105109
"NM",1998,0.316825240704684,0.866965080257198
"NM",1999,0.313805457938301,0.86468478752623
"NM",2000,0.309974061115614,0.860920577815555
"NM",2001,0.30614241492829,0.858471138675213
"NM",2002,0.302280644356277,0.856699342265898
"NM",2003,0.298205556745034,0.855159370549443
"NM",2004,0.294521821528221,0.853820343227889
"NM",2005,0.291036364407946,0.852949426427101
"NM",2006,0.287686333828881,0.852152015888799
"NM",2007,0.285500007537423,0.850963031451155
"NM",2008,0.284391409396507,0.849201407297696
"NM",2009,0.283204749406177,0.847308182140434
"NM",2010,0.280778590221995,0.846031487702901
"NM",2011,0.277680309548415,0.844335600471052
"NM",2012,0.274221976717391,0.842767410095966
"NM",2013,0.270941220385676,0.840550922370073
"NM",2014,0.267860629565537,0.838440290050384
"NM",2015,0.265198576933515,0.836176482835565
"NM",2016,0.26272858966452,0.834642838360513
"NM",2017,0.259957051014828,0.83328441177483
"NM",2018,0.256919513690418,0.832261135037733
"NM",2019,0.253579094909504,0.831025324430366
"NV",1990,0.284615731202307,0.882691417594076
"NV",1991,0.27524377570552,0.880042062351341
"NV",1992,0.273201876322272,0.87731090073977
"NV",1993,0.274397593562994,0.874630017396357
"NV",1994,0.273924196523973,0.871604577608988
"NV",1995,0.27328844988992,0.869111102961726
"NV",1996,0.274717941331797,0.867173772144606
"NV",1997,0.275151578364994,0.864237595969399
"NV",1998,0.277766835690439,0.860687862179344
"NV",1999,0.279908493124063,0.856844253271019
"NV",2000,0.280499578697812,0.852642315185554
"NV",2001,0.278336007594361,0.846959991879523
"NV",2002,0.277263085549623,0.841248767705819
"NV",2003,0.276396825043911,0.836028192187118
"NV",2004,0.275839200212086,0.830234308603363
"NV",2005,0.275528618177467,0.82349310875224
"NV",2006,0.275759139764487,0.816602964016525
"NV",2007,0.27617382371576,0.810314747150406
"NV",2008,0.275521078673364,0.80465023383064
"NV",2009,0.274427535651562,0.800363546289761
"NV",2010,0.271403065047615,0.79638507181566
"NV",2011,0.266789544112389,0.793637405860517
"NV",2012,0.262632671476198,0.789735480663966
"NV",2013,0.259941569973739,0.786350356812213
"NV",2014,0.257251489550785,0.782447150581979
"NV",2015,0.255103788395916,0.77798271954862
"NV",2016,0.253369678735301,0.773210381403932
"NV",2017,0.25142521393782,0.768324239327521
"NV",2018,0.249356118124783,0.764606630042668
"NV",2019,0.246829056710115,0.761034506044499
"NY",1990,0.267811711188592,0.785754604239194
"NY",1991,0.268605066296004,0.781826192950094
"NY",1992,0.270463026835661,0.778070038379093
"NY",1993,0.272499512107622,0.774407598516981
"NY",1994,0.274999282211244,0.770826573027286
"NY",1995,0.276670601719792,0.767276085256269
"NY",1996,0.277358102822934,0.763663423435831
"NY",1997,0.276798181185306,0.760146706684078
"NY",1998,0.275080766559611,0.756840378705246
"NY",1999,0.274744349663515,0.753904057809453
"NY",2000,0.274020433875142,0.750799346166517
"NY",2001,0.272170103838852,0.748389731129091
"NY",2002,0.27055643804408,0.745971846293722
"NY",2003,0.268537983980863,0.743821306482045
"NY",2004,0.266575444771938,0.74186898754807
"NY",2005,0.264110228557421,0.739403719617972
"NY",2006,0.261817043208005,0.736857257279662
"NY",2007,0.259536329465274,0.734443757126352
"NY",2008,0.257414156122628,0.731702424408857
"NY",2009,0.254945676365327,0.72886465504391
"NY",2010,0.252010399240655,0.725974359220197
"NY",2011,0.249016564285759,0.723673500932677
"NY",2012,0.246150857725353,0.72140132096714
"NY",2013,0.243485026609922,0.719099855399747
"NY",2014,0.240863019577225,0.716791810961338
"NY",2015,0.238855038289636,0.714443481257835
"NY",2016,0.237088398419267,0.712193560900318
"NY",2017,0.23543388288422,0.710570858822235
"NY",2018,0.233888218394027,0.709254687742171
"NY",2019,0.232399404921289,0.707719784567977
"OH",1990,0.287088778683528,0.882551732936236
"OH",1991,0.285447646312792,0.880637547207769
"OH",1992,0.284976260334735,0.878594825063958
"OH",1993,0.284630047004182,0.876647983900752
"OH",1994,0.285053316516706,0.874775363341557
"OH",1995,0.284400144214577,0.873159190987999
"OH",1996,0.284255908233757,0.87119084906314
"OH",1997,0.284994524869613,0.869395639421542
"OH",1998,0.284906223168984,0.867748730145932
"OH",1999,0.284252134938751,0.865996015686712
"OH",2000,0.282887036199889,0.863883297665174
"OH",2001,0.281034202352002,0.862010077099223
"OH",2002,0.278940915361291,0.86015151444759
"OH",2003,0.277197705807926,0.858342454621808
"OH",2004,0.275941472117578,0.856659533571173
"OH",2005,0.274112735228538,0.854782994804298
"OH",2006,0.272460845382801,0.852994278566211
"OH",2007,0.271190007224054,0.851198316451122
"OH",2008,0.269687585944759,0.849469375377701
"OH",2009,0.267802311687086,0.847933574906045
"OH",2010,0.265116987667228,0.84634930467403
"OH",2011,0.261949525941121,0.844863639588267
"OH",2012,0.258907865261549,0.843179576138831
"OH",2013,0.256544361062287,0.840950914786998
"OH",2014,0.254534978927319,0.838763649840123
"OH",2015,0.25284701296584,0.836408557518308
"OH",2016,0.251249358581513,0.83406407050833
"OH",2017,0.250091297766228,0.83194238249004
"OH",2018,0.248528370317379,0.83001738301408
"OH",2019,0.246971366486727,0.82832767278918
"OK",1990,0.29860852857812,0.832052273467087
"OK",1991,0.297191885219056,0.830403345678079
"OK",1992,0.296493699614068,0.828517284647154
"OK",1993,0.296505380063555,0.82684235852639
"OK",1994,0.296744225740184,0.825343956305205
"OK",1995,0.296494960413614,0.823920684551878
"OK",1996,0.295386495551519,0.821782631748654
"OK",1997,0.295063886837417,0.819486219198397
"OK",1998,0.294940317644164,0.817437126930213
"OK",1999,0.292326164694149,0.814681769502439
"OK",2000,0.290051572430823,0.811893068624769
"OK",2001,0.287501946872026,0.809815407689423
"OK",2002,0.285211001180827,0.807736709963658
"OK",2003,0.283142533350528,0.805767481565766
"OK",2004,0.2808583148972,0.803743468871419
"OK",2005,0.279605150993477,0.80178757971108
"OK",2006,0.278586234624063,0.799526166567893
"OK",2007,0.278406944407375,0.797308954093291
"OK",2008,0.278298631552782,0.79515537850343
"OK",2009,0.278300191630451,0.792661984757793
"OK",2010,0.277315566402053,0.789978786918103
"OK",2011,0.275627121784806,0.787962344844589
"OK",2012,0.273859632859836,0.786298311465287
"OK",2013,0.273179221294223,0.78412307232352
"OK",2014,0.272501815925844,0.782052025856412
"OK",2015,0.272199002429978,0.779634991686917
"OK",2016,0.271601400900739,0.777976181834899
"OK",2017,0.270540958803617,0.776313071755107
"OK",2018,0.269159072999453,0.774944895418674
"OK",2019,0.267501328667812,0.77359930108156
"OR",1990,0.286948040029716,0.944277236376349
"OR",1991,0.282878955044328,0.942658153113515
"OR",1992,0.282848027328441,0.941056336498142
"OR",1993,0.280456232863575,0.939650048507254
"OR",1994,0.280598821503083,0.938284618026543
"OR",1995,0.28021375663436,0.936522745950611
"OR",1996,0.278852185835347,0.934754001326102
"OR",1997,0.278930548283908,0.933230235661908
"OR",1998,0.27843674877679,0.93131230333407
"OR",1999,0.277208413463876,0.929378560204788
"OR",2000,0.275641541495661,0.926769567555022
"OR",2001,0.27307791346844,0.924697305631561
"OR",2002,0.270140182340645,0.922769070855098
"OR",2003,0.267614710140679,0.921034026277451
"OR",2004,0.264992241129828,0.919448667768793
"OR",2005,0.262590356143941,0.917476244062745
"OR",2006,0.260641921848231,0.915418715333613
"OR",2007,0.259059637864323,0.913291820878746
"OR",2008,0.257659838227443,0.911283269669397
"OR",2009,0.255445307987187,0.909083915349472
"OR",2010,0.252920984049213,0.907009293311698
"OR",2011,0.249509560344997,0.904695875761486
"OR",2012,0.246321557752871,0.902923595043961
"OR",2013,0.243486498806364,0.901533932207987
"OR",2014,0.241430252591059,0.899208325301193
"OR",2015,0.239039272950392,0.897271820851279
"OR",2016,0.236608723376372,0.894329453277965
"OR",2017,0.234191800657637,0.89241207879574
"OR",2018,0.231524245280718,0.890650773359197
"OR",2019,0.228909483924673,0.889027457141116
"PA",1990,0.265586876377717,0.893573957942248
"PA",1991,0.26383030644548,0.89168984834459
"PA",1992,0.264314636767653,0.889397524368332
"PA",1993,0.265518092656235,0.887323754237308
"PA",1994,0.266651953592168,0.885354243982229
"PA",1995,0.267011837533159,0.883496060918794
"PA",1996,0.266875627635743,0.881475531534646
"PA",1997,0.267564177865316,0.879601129032548
"PA",1998,0.267919637239998,0.877488716013298
"PA",1999,0.267099566570082,0.875306073441318
"PA",2000,0.265968575987981,0.872848501889382
"PA",2001,0.264816159401966,0.870616319903211
"PA",2002,0.263350972031455,0.86815782070453
"PA",2003,0.261804245418338,0.86562529647284
"PA",2004,0.260696839394195,0.862838922667029
"PA",2005,0.259154264380935,0.860026714880895
"PA",2006,0.257620989977547,0.857191489375307
"PA",2007,0.256120354630877,0.854448330965047
"PA",2008,0.254419242825547,0.851796323980944
"PA",2009,0.252370793135914,0.849318828710324
"PA",2010,0.249585482363529,0.84712001107688
"PA",2011,0.246803440972586,0.844733506645122
"PA",2012,0.244005420800528,0.842407581726745
"PA",2013,0.241491028433955,0.839982815068108
"PA",2014,0.239401553590376,0.837666860359142
"PA",2015,0.237773435477339,0.835524159656142
"PA",2016,0.236323815596206,0.833143082901909
"PA",2017,0.235182079321745,0.830864191448603
"PA",2018,0.233983848975878,0.828754366287053
"PA",2019,0.232584327326012,0.82672153522394
"RI",1990,0.259440653283565,0.933421140264117
"RI",1991,0.256159161093515,0.931061130026349
"RI",1992,0.255508448213032,0.928864950063254
"RI",1993,0.259331975190915,0.926493825311887
"RI",1994,0.261175636836096,0.923820819717312
"RI",1995,0.263196139240631,0.92116436349191
"RI",1996,0.263940491314957,0.918618307697281
"RI",1997,0.265749454090445,0.915613452147699
"RI",1998,0.265701082766412,0.912230460018135
"RI",1999,0.269593868523897,0.908674723808682
"RI",2000,0.269268415299714,0.904755738535307
"RI",2001,0.267756838721761,0.901788974423493
"RI",2002,0.266547216450359,0.898364438857593
"RI",2003,0.265020880353799,0.895017650759515
"RI",2004,0.263638131770675,0.89186369731774
"RI",2005,0.260926889380813,0.888850808490555
"RI",2006,0.258665256947632,0.886442992918796
"RI",2007,0.256320018159205,0.883687453597083
"RI",2008,0.254152831792895,0.880927352813215
"RI",2009,0.251495283994814,0.878054868523204
"RI",2010,0.247805654679167,0.875320576986391
"RI",2011,0.244375498861575,0.87173432518799
"RI",2012,0.241123588473964,0.869189974407868
"RI",2013,0.237664217249671,0.866378031639277
"RI",2014,0.234825784896054,0.86350309109643
"RI",2015,0.232660868412456,0.860373177787352
"RI",2016,0.230781532405348,0.857550838876955
"RI",2017,0.228816120143264,0.855534810495295
"RI",2018,0.227144432464917,0.852557954505725
"RI",2019,0.225176309114646,0.849933120060112
"SC",1990,0.298148468148368,0.692156445515837
"SC",1991,0.294525773553917,0.691245024372592
"SC",1992,0.29233987687766,0.689872347853756
"SC",1993,0.291260044866479,0.687942120167695
"SC",1994,0.29128430772735,0.686892929421598
"SC",1995,0.290020066254386,0.685741968563046
"SC",1996,0.290309520046362,0.685374321690111
"SC",1997,0.289787848576675,0.685393616492076
"SC",1998,0.287843418422218,0.686251015823241
"SC",1999,0.28489499285729,0.686807397421982
"SC",2000,0.282702275693966,0.686290247831693
"SC",2001,0.280583862956781,0.686218310231624
"SC",2002,0.278779978066091,0.686677889232544
"SC",2003,0.277076074314682,0.686851808436842
"SC",2004,0.275090888667823,0.687429424584313
"SC",2005,0.273306792501434,0.688199711953913
"SC",2006,0.271284191482629,0.689182066281813
"SC",2007,0.270113251022139,0.69050428544748
"SC",2008,0.268714523042193,0.691018053449374
"SC",2009,0.266988709053324,0.691691620158471
"SC",2010,0.263669876645104,0.691486348513444
"SC",2011,0.259902088915354,0.691527857270365
"SC",2012,0.256714251251867,0.691488915184232
"SC",2013,0.253754974727544,0.691540654229148
"SC",2014,0.251393715545824,0.692041884751629
"SC",2015,0.24961375225933,0.692715443245601
"SC",2016,0.24787856638042,0.693394955352677
"SC",2017,0.246297349593768,0.69426208678764
"SC",2018,0.244432114199486,0.694994803463938
"SC",2019,0.242359354199903,0.695698187935861
"SD",1990,0.315769164009232,0.918848201336679
"SD",1991,0.315017430070104,0.91771273141207
"SD",1992,0.317725424066465,0.915659489815531
"SD",1993,0.316685106742421,0.915425827276265
"SD",1994,0.314693687653088,0.914907155270324
"SD",1995,0.312020869329539,0.914307009519938
"SD",1996,0.308442455198171,0.910780328557975
"SD",1997,0.308446527452121,0.908608038182104
"SD",1998,0.307358141056057,0.906693581464176
"SD",1999,0.304721939414615,0.903766197768692
"SD",2000,0.301125629098068,0.898575632008721
"SD",2001,0.298945079765479,0.896322027726618
"SD",2002,0.294827767690324,0.89407515591695
"SD",2003,0.291548441921153,0.891801934979554
"SD",2004,0.288330936297696,0.889724245712595
"SD",2005,0.285324303378625,0.88778364214764
"SD",2006,0.28299828998267,0.885799193648288
"SD",2007,0.281732592408255,0.883608737997759
"SD",2008,0.280415805306811,0.881738003113409
"SD",2009,0.279066050278354,0.879148819119107
"SD",2010,0.278665124496732,0.877354606783424
"SD",2011,0.277771774171027,0.87503202485736
"SD",2012,0.275862979056248,0.870770880770089
"SD",2013,0.275048794039292,0.868799832841831
"SD",2014,0.274854586287831,0.867441813905779
"SD",2015,0.274537815519656,0.865143304121369
"SD",2016,0.274542408076051,0.861417665898799
"SD",2017,0.274366800020163,0.858184742710238
"SD",2018,0.273310056469913,0.857838529278546
"SD",2019,0.271931896922995,0.85790344076079
"TN",1990,0.281744867495953,0.831543089660786
"TN",1991,0.278386747277356,0.83038754782711
"TN",1992,0.277875186494676,0.828833829530301
"TN",1993,0.278168882494184,0.826886334121252
"TN",1994,0.278162333186401,0.825541084497226
"TN",1995,0.277569694848971,0.824730952277257
"TN",1996,0.276636839459422,0.823530182808799
"TN",1997,0.275515694643235,0.822774921520874
"TN",1998,0.274892213617664,0.821507546168837
"TN",1999,0.274689973195978,0.82028163908528
"TN",2000,0.273960726326104,0.818294344444388
"TN",2001,0.272258989157836,0.8166938484441
"TN",2002,0.271027989008816,0.815021365036565
"TN",2003,0.270576413879242,0.813559156826519
"TN",2004,0.26973684989652,0.811929805209405
"TN",2005,0.269077226272426,0.810578667503915
"TN",2006,0.268456531257729,0.809114359132869
"TN",2007,0.267609627174258,0.808332039288654
"TN",2008,0.267371235860743,0.807741959029108
"TN",2009,0.265582929578867,0.806639022178652
"TN",2010,0.263259972643353,0.805401970100283
"TN",2011,0.26017475998513,0.803812641119149
"TN",2012,0.257555356468292,0.80208178065411
"TN",2013,0.255515264060705,0.800803622846971
"TN",2014,0.253619850599804,0.799662081540409
"TN",2015,0.252050546412852,0.798648950034668
"TN",2016,0.250624961443031,0.797909121412697
"TN",2017,0.249212713035522,0.79698721037849
"TN",2018,0.247567683472416,0.79621379251173
"TN",2019,0.245646984540151,0.795525930368739
"TX",1990,0.320039304076303,0.855747825421659
"TX",1991,0.318007323253442,0.854484522794424
"TX",1992,0.317166672165997,0.853071312200664
"TX",1993,0.316661593695538,0.851569673440882
"TX",1994,0.316467107252712,0.850354895388736
"TX",1995,0.31530225804432,0.848764562602252
"TX",1996,0.316537267024544,0.847368831430178
"TX",1997,0.316269338531899,0.846359508816398
"TX",1998,0.316561388396228,0.845485640081615
"TX",1999,0.315610398176496,0.84436361708358
"TX",2000,0.313619294498283,0.842687094114784
"TX",2001,0.311961065726212,0.840635495319758
"TX",2002,0.310326286028448,0.838726897821955
"TX",2003,0.309096469867751,0.83704769444378
"TX",2004,0.307840980604512,0.835305652762793
"TX",2005,0.306363698185316,0.833288897421443
"TX",2006,0.305953831361694,0.828223880737582
"TX",2007,0.305340474605072,0.826381128251057
"TX",2008,0.304817109388816,0.824298278512779
"TX",2009,0.304156184716077,0.821993647951047
"TX",2010,0.302412794943786,0.81989710708407
"TX",2011,0.299785940130382,0.818319839220945
"TX",2012,0.296852561490489,0.816192317569976
"TX",2013,0.294745566377619,0.813819883833493
"TX",2014,0.292822670599714,0.811072871707971
"TX",2015,0.29115921714903,0.808206215524279
"TX",2016,0.28952078872525,0.805531694920294
"TX",2017,0.287693424975967,0.802888100779236
"TX",2018,0.285507819330457,0.800676776207456
"TX",2019,0.283163839719166,0.798488826740598
"UT",1990,0.398376754467795,0.958548956431378
"UT",1991,0.393042398498691,0.95749418467451
"UT",1992,0.387838843553377,0.956625085270626
"UT",1993,0.385460629033651,0.955818677162501
"UT",1994,0.381917686077556,0.954225212018082
"UT",1995,0.378101825211985,0.95344500508148
"UT",1996,0.374569143935906,0.952735911828764
"UT",1997,0.372294063923494,0.951696493605009
"UT",1998,0.370179043010951,0.950665755600288
"UT",1999,0.36680807921281,0.949627907103394
"UT",2000,0.362945989800856,0.947670351819691
"UT",2001,0.358752296149038,0.946270878809308
"UT",2002,0.354376154661769,0.94495002828182
"UT",2003,0.351430446622378,0.943946474293653
"UT",2004,0.349442450386829,0.942769343515519
"UT",2005,0.347682953177316,0.941467677956674
"UT",2006,0.347056650407225,0.940111035130768
"UT",2007,0.347881586575439,0.9384273905147
"UT",2008,0.348454710782346,0.936904179413743
"UT",2009,0.348712152840123,0.935229624799104
"UT",2010,0.347542924594247,0.933799271582643
"UT",2011,0.344309802784552,0.932825797758941
"UT",2012,0.341142681911771,0.931173434967363
"UT",2013,0.339310266285667,0.929977844038597
"UT",2014,0.336822184366465,0.928805715182682
"UT",2015,0.334437351496645,0.927690163942673
"UT",2016,0.331920057017596,0.92605464799919
"UT",2017,0.328689840382684,0.924275453218628
"UT",2018,0.32496836898099,0.922891661777996
"UT",2019,0.320843566883908,0.921265967925968
"VA",1990,0.27652936744517,0.782446801323621
"VA",1991,0.274631868732659,0.779375317498191
"VA",1992,0.27374991561832,0.775622058626131
"VA",1993,0.273188952367492,0.77260842782155
"VA",1994,0.27322281541463,0.769976182816713
"VA",1995,0.273311183710598,0.767086418157754
"VA",1996,0.273104529717886,0.764256799553955
"VA",1997,0.273347485343415,0.761158838473065
"VA",1998,0.274729680891731,0.757967708064347
"VA",1999,0.274129900199624,0.754578957608768
"VA",2000,0.273051501326308,0.751547640475402
"VA",2001,0.272418086225727,0.74939507071192
"VA",2002,0.271853372495994,0.74710633765677
"VA",2003,0.27070370926908,0.744885317274643
"VA",2004,0.269988729963916,0.742418476170729
"VA",2005,0.268368987891814,0.739821739305447
"VA",2006,0.266700591955015,0.736923202225777
"VA",2007,0.265394400722487,0.734371177912527
"VA",2008,0.26388537123144,0.731915992553006
"VA",2009,0.262031101180845,0.729532041448222
"VA",2010,0.259882630193381,0.727268682436866
"VA",2011,0.257661654418413,0.725958705888234
"VA",2012,0.255535193302937,0.724217478631852
"VA",2013,0.253349590368991,0.722410025559754
"VA",2014,0.251266124276606,0.719995552877977
"VA",2015,0.249746705497184,0.717328477286252
"VA",2016,0.248593537346616,0.715022973551106
"VA",2017,0.2473166519113,0.712757605020188
"VA",2018,0.246042892804689,0.710923970796889
"VA",2019,0.244557595150336,0.709181831825341
"VT",1990,0.288164972255567,0.988201091363638
"VT",1991,0.284678670291907,0.987859783400105
"VT",1992,0.282684796709216,0.986934985709322
"VT",1993,0.283313832328282,0.985348283334603
"VT",1994,0.284490850170253,0.984783398077542
"VT",1995,0.283756252101012,0.983867626935053
"VT",1996,0.282536158773524,0.982787632158275
"VT",1997,0.27941577827302,0.982134455385532
"VT",1998,0.276884693279326,0.981621076053936
"VT",1999,0.274930831526602,0.981269524693104
"VT",2000,0.272815107165471,0.978704697039786
"VT",2001,0.271562812896608,0.977393858120325
"VT",2002,0.268681695431901,0.976350330331697
"VT",2003,0.265198476025236,0.975191710716702
"VT",2004,0.261669247644857,0.974151503419796
"VT",2005,0.257588757515514,0.972899881683475
"VT",2006,0.253488566236201,0.971462147531193
"VT",2007,0.250161592734983,0.970334300483896
"VT",2008,0.246948254508925,0.96946412006069
"VT",2009,0.242936731875093,0.96786899204087
"VT",2010,0.239821115583044,0.967533660659648
"VT",2011,0.237676800377642,0.965859127436612
"VT",2012,0.234565318085259,0.965033781085786
"VT",2013,0.231248303284841,0.963983328276457
"VT",2014,0.228158678468492,0.963003067749603
"VT",2015,0.225558846862524,0.960501650629542
"VT",2016,0.223016818539678,0.95912496773066
"VT",2017,0.220501838729931,0.957311994669605
"VT",2018,0.217987116365931,0.9566931151679
"VT",2019,0.21541245118103,0.955827746963488
"WA",1990,0.293255433411455,0.905782184655529
"WA",1991,0.289996227334158,0.903423933028018
"WA",1992,0.289909600471404,0.900645002273891
"WA",1993,0.288460234271077,0.898181836092082
"WA",1994,0.288100579684962,0.895223231452974
"WA",1995,0.287026318242913,0.892273108671057
"WA",1996,0.287041095000084,0.889213040506464
"WA",1997,0.286831465790457,0.886048311933554
"WA",1998,0.287180378683858,0.882708774080251
"WA",1999,0.28668851552161,0.87951231685267
"WA",2000,0.285292204803915,0.875823109740747
"WA",2001,0.282006247533714,0.872590641529961
"WA",2002,0.278882628876821,0.869432512897059
"WA",2003,0.276347513112056,0.866490719784932
"WA",2004,0.27443395760721,0.863447244501019
"WA",2005,0.271422121824012,0.860282182185462
"WA",2006,0.269030992097794,0.85673702935901
"WA",2007,0.267672632125823,0.85339189892514
"WA",2008,0.266109041269654,0.849911866863571
"WA",2009,0.264552917422706,0.846635718191698
"WA",2010,0.262436247095062,0.843805494132286
"WA",2011,0.258919961497823,0.840434668541287
"WA",2012,0.255927672349573,0.836930180955416
"WA",2013,0.253741643613535,0.833667648623597
"WA",2014,0.251418247951176,0.829877719037997
"WA",2015,0.249277010331455,0.825985666259565
"WA",2016,0.247541012596557,0.822292708023322
"WA",2017,0.245834434586377,0.818003352119969
"WA",2018,0.243738693483366,0.813775199966932
"WA",2019,0.241671944700996,0.809636589772174
"WI",1990,0.295674313017146,0.93013463791466
"WI",1991,0.292429229809463,0.928326668805923
"WI",1992,0.291399407569311,0.926581337438348
"WI",1993,0.290166609339948,0.924765909344334
"WI",1994,0.290126883688459,0.922848686653117
"WI",1995,0.288619543607551,0.921156040422494
"WI",1996,0.287391591488008,0.919209917579129
"WI",1997,0.287381273792002,0.917696834518467
"WI",1998,0.287486843277576,0.916217727333818
"WI",1999,0.286965469054315,0.914099814239257
"WI",2000,0.285444228776373,0.911530128680709
"WI",2001,0.283995720231892,0.909609411051012
"WI",2002,0.281452048625918,0.9076745558718
"WI",2003,0.278641984974822,0.905928654222156
"WI",2004,0.276327496460844,0.904343033565674
"WI",2005,0.27352787493198,0.902573597688926
"WI",2006,0.271345036578992,0.900757935010322
"WI",2007,0.269625853825897,0.89888972557267
"WI",2008,0.267894180389421,0.897040345357451
"WI",2009,0.265970679791945,0.895215498872517
"WI",2010,0.26373949450617,0.893460914949982
"WI",2011,0.261560678444278,0.891795120596892
"WI",2012,0.258860726298785,0.890262519318317
"WI",2013,0.256264779699461,0.888611225093494
"WI",2014,0.253879101629568,0.886903212626217
"WI",2015,0.251948293160491,0.88519252066503
"WI",2016,0.250062882971153,0.883618345058784
"WI",2017,0.248312575796356,0.882102751103332
"WI",2018,0.24634905842643,0.88126867658297
"WI",2019,0.244244073870137,0.880534841614349
"WV",1990,0.277128980646543,0.963685212334621
"WV",1991,0.273144181883379,0.963586631716178
"WV",1992,0.270334484577772,0.963484201896426
"WV",1993,0.268460814320903,0.962876725066147
"WV",1994,0.266290050488321,0.962571295321247
"WV",1995,0.265749849207655,0.962183473158963
"WV",1996,0.263066104603447,0.961593870555758
"WV",1997,0.260526971111745,0.961261889723178
"WV",1998,0.257967987600855,0.960545469867136
"WV",1999,0.254353821809152,0.960424417940401
"WV",2000,0.250939529756433,0.958215759529081
"WV",2001,0.247762257831196,0.957810823428057
"WV",2002,0.245582453664367,0.957351610212394
"WV",2003,0.243722462402644,0.956678686416946
"WV",2004,0.243088396080681,0.956030428784247
"WV",2005,0.241629185956324,0.955445560870358
"WV",2006,0.240542761358315,0.954451855450372
"WV",2007,0.239846525616504,0.953682338341552
"WV",2008,0.239575397623227,0.952878591106933
"WV",2009,0.238593984657223,0.951903776163223
"WV",2010,0.236388620884363,0.951417266059014
"WV",2011,0.233983066323834,0.950383585420683
"WV",2012,0.23238596952294,0.94975744154686
"WV",2013,0.231294979163003,0.94898037341538
"WV",2014,0.230395530873663,0.9483284301772
"WV",2015,0.229398767677316,0.947741917971825
"WV",2016,0.228419304399781,0.947166693154592
"WV",2017,0.227203132189032,0.94688894465835
"WV",2018,0.226001792393799,0.946558509686076
"WV",2019,0.224575885795083,0.946270032536394
"WY",1990,0.330170380656395,0.965209724701889
"WY",1991,0.327742455254104,0.964854330880112
"WY",1992,0.324767131866741,0.964296055129104
"WY",1993,0.321458693120206,0.963767304119168
"WY",1994,0.318029161973253,0.964042033551052
"WY",1995,0.313698573666419,0.964172644076181
"WY",1996,0.310498251622908,0.963408014060762
"WY",1997,0.307289187273088,0.963553042081843
"WY",1998,0.303936330831909,0.962686460725325
"WY",1999,0.299855626499654,0.961281467322787
"WY",2000,0.293922718996561,0.958624317216265
"WY",2001,0.288850658132807,0.956721526229286
"WY",2002,0.283930346368224,0.955843501320955
"WY",2003,0.279597102410751,0.955322542521348
"WY",2004,0.275981819110362,0.954394566161075
"WY",2005,0.272494588228887,0.953545317869834
"WY",2006,0.270172021573966,0.952250668207482
"WY",2007,0.269888721871985,0.951168121209402
"WY",2008,0.27030471959168,0.950578983706411
"WY",2009,0.270527336737811,0.949256141366185
"WY",2010,0.268255956293059,0.949233551879848
"WY",2011,0.265764614427313,0.947974524897805
"WY",2012,0.263324107894257,0.943292180355888
"WY",2013,0.26314758761909,0.941189303960338
"WY",2014,0.262569717319765,0.941724989743035
"WY",2015,0.263168679657043,0.941837015230195
"WY",2016,0.262112407247332,0.941227116729286
"WY",2017,0.260203720305183,0.940219128013528
"WY",2018,0.257942766719587,0.939134454407108
"WY",2019,0.256016753087209,0.938487349656766
