"State","Year","under19_pop_prct","white_pop_prct","Income","income_adj","educ_spending","governor","house","senate"
"AK",1997,0.334260516046515,0.747034102922175,47990,71985,7548.493164,-1,1,1
"AK",1998,0.338179026086732,0.742913738926205,50690,74514.3,7126.733398,-1,1,1
"AK",1999,0.334079730592738,0.739544703006983,51400,74016,7616.569336,-1,1,1
"AK",2000,0.331315698536379,0.734272560644497,52850,73461.5,7729.85498,-1,1,1
"AK",2001,0.328133826931392,0.731904297522226,57360,78009.6,7947.723145,-1,1,1
"AK",2002,0.324572615309409,0.729691735023827,52770,70184.1,8204.307617,-1,1,1
"AK",2003,0.319800312763142,0.727222114266503,51840,67392,8377.128906,1,1,1
"AK",2004,0.314456851806348,0.725733596648495,55060,69926.2,8476.907227,1,1,1
"AK",2005,0.308537722694191,0.723734755137597,55890,68744.7,8799.779297,1,1,1
"AK",2006,0.304853236033656,0.722571530959482,56420,67139.8,9063.064453,1,1,1
"AK",2007,0.300815816551521,0.720877554020285,62990,73068.4,9467.491211,1,1,-1
"AK",2008,0.296803427133412,0.718541577266876,63990,71028.9,10975.70898,1,1,-1
"AK",2009,0.296694067063007,0.715224747637342,61600,68992,11693.56543,1,1,-1
"AK",2010,0.291888333263296,0.713930327352187,57850,63635,11965.5791,1,1,-1
"AK",2011,0.288522256442071,0.711177242815678,57430,61450.1,11938.80273,1,1,-1
"AK",2012,0.28389210383288,0.708088105437385,63650,66832.5,11259.58887,1,1,-1
"AK",2013,0.280868250961919,0.70483591744588,66805,68809.15,11627.92285,1,1,1
"AL",1997,0.286839662220248,0.726852162406263,31940,47910,3929.448486,1,-1,-1
"AL",1998,0.28428081724503,0.726051552647955,36270,53316.9,4163.139648,1,-1,-1
"AL",1999,0.283480142054169,0.724877154022863,36250,52200,4434.193848,-1,-1,-1
"AL",2000,0.28196276290252,0.723209992064549,35420,49233.8,4597.625488,-1,-1,-1
"AL",2001,0.279707558855537,0.721999161077206,35160,47817.6,4651.033691,-1,-1,-1
"AL",2002,0.277770151441188,0.720903535621725,37600,50008,4741.522949,-1,-1,-1
"AL",2003,0.27593016173453,0.719849556710561,37260,48438,4830.528809,1,-1,-1
"AL",2004,0.274756446479143,0.718606431768486,36630,46520.1,4878.824707,1,-1,-1
"AL",2005,0.273244044330119,0.717546591156515,37150,45694.5,5064.419922,1,-1,-1
"AL",2006,0.27212749415044,0.71595886870134,37950,45160.5,5407.318359,1,-1,-1
"AL",2007,0.271355107386514,0.71490421242756,42210,48963.6,5830.137695,1,-1,-1
"AL",2008,0.270570424436746,0.713520350743482,44480,49372.8,6209.24707,1,-1,-1
"AL",2009,0.268805310199502,0.712325801639282,39980,44777.6,6106.866211,1,-1,-1
"AL",2010,0.265899227176118,0.711085319898684,40930,45023,6029.245117,1,-1,-1
"AL",2011,0.262316711845568,0.710107314564554,42590,45571.3,5976.07373,1,1,1
"AL",2012,0.259258474769852,0.70832783037087,43460,45633,5651.526855,1,1,1
"AL",2013,0.256620955217935,0.706681730596236,44350,45680.5,5737.530762,1,1,1
"AR",1997,0.291026838748371,0.826252071247054,26160,39240,3891.274902,1,-1,-1
"AR",1998,0.290401018319005,0.825544713472127,27670,40674.9,4140.826172,1,-1,-1
"AR",1999,0.287498208804386,0.825060146463237,29680,42739.2,4288.74707,1,-1,-1
"AR",2000,0.284024269503186,0.823849356451981,29700,41283,4398.520508,1,-1,-1
"AR",2001,0.281203431007393,0.822811659064539,33340,45342.4,4542.166016,1,-1,-1
"AR",2002,0.27922926228239,0.821942720553806,32390,43078.7,4707.26416,1,-1,-1
"AR",2003,0.277790133352124,0.821129573519827,32000,41600,4905.808105,1,-1,-1
"AR",2004,0.276825062934459,0.820219108654588,34980,44424.6,5048.827637,1,-1,-1
"AR",2005,0.276064085502951,0.819459731178021,36660,45091.8,5509.26709,1,-1,-1
"AR",2006,0.275234507812674,0.818088066282013,37060,44101.4,5643.917969,1,-1,-1
"AR",2007,0.274865989152757,0.817563407227985,40800,47328,5740.854492,-1,-1,-1
"AR",2008,0.274336470979498,0.816420912600703,39590,43944.9,5779.647949,-1,-1,-1
"AR",2009,0.273574025240581,0.815226092680894,36540,40924.8,6204.616211,-1,-1,-1
"AR",2010,0.272288091160603,0.813783126691499,38590,42449,6552.055176,-1,-1,-1
"AR",2011,0.269720440974786,0.812695895182964,41300,44191,6621.975098,-1,-1,-1
"AR",2012,0.267754433696773,0.811407496331505,39020,40971,5965.568359,-1,-1,-1
"AR",2013,0.265992430898155,0.810377441373251,39650,40839.5,5888.413086,-1,1,1
"AZ",1997,0.289283279044288,0.888289187859801,32740,49110,3706.679443,1,1,1
"AZ",1998,0.292264191203483,0.888225317825375,37090,54522.3,3715.615234,1,1,1
"AZ",1999,0.29467837541251,0.887885978466996,37000,53280,3810.457031,1,1,1
"AZ",2000,0.29567223567246,0.887285862497011,39780,55294.2,3937.627441,1,1,1
"AZ",2001,0.293286194288891,0.885430807795312,42700,58072,4002.365479,1,1,0
"AZ",2002,0.291989351874587,0.883256814216526,39730,52840.9,4070.696289,1,1,0
"AZ",2003,0.291509780479112,0.88097955053423,41170,53521,4268.263184,-1,1,1
"AZ",2004,0.290841029763619,0.878529560165905,43850,55689.5,4411.797852,-1,1,1
"AZ",2005,0.2900703313212,0.875479463620706,45250,55657.5,4430.023926,-1,1,1
"AZ",2006,0.289483195035578,0.871679398441669,46660,55525.4,4514.059082,-1,1,1
"AZ",2007,0.289428555076049,0.868139094742416,47220,54775.2,4610.432129,-1,1,1
"AZ",2008,0.288967419393978,0.864592518711501,46910,52070.1,4800.46582,-1,1,1
"AZ",2009,0.28658992040868,0.861408535879785,45740,51228.8,4860.037598,1,1,1
"AZ",2010,0.283359647594914,0.859049983362394,46900,51590,4727.07666,1,1,1
"AZ",2011,0.278226838711791,0.856731477388758,48620,52023.4,4489.205078,1,1,1
"AZ",2012,0.274581547031889,0.854412173465723,47040,49392,4328.549316,1,1,1
"AZ",2013,0.271487271369824,0.852098461516195,51605,53153.15,4080.330811,1,1,1
"CA",1997,0.307381762180089,0.79403647908746,39690,59535,4282.324707,1,-1,-1
"CA",1998,0.305226391371929,0.792468399182422,40930,60167.1,4652.521973,1,-1,-1
"CA",1999,0.303351745313113,0.790837716621565,43630,62827.2,4847.541504,-1,-1,-1
"CA",2000,0.301751528194808,0.788856012230443,46820,65079.8,5117.807617,-1,-1,-1
"CA",2001,0.29913115223563,0.785922562935879,47260,64273.6,5559.020996,-1,-1,-1
"CA",2002,0.296941661500369,0.783125170642687,47440,63095.2,6028.86084,-1,-1,-1
"CA",2003,0.295225202371226,0.78039933953153,49300,64090,6108.567871,-1,-1,-1
"CA",2004,0.293572718899025,0.777624644071654,49220,62509.4,6169.309082,1,-1,-1
"CA",2005,0.291436016854219,0.774434496560408,51760,63664.8,6209.083496,1,-1,-1
"CA",2006,0.28944964135289,0.771034320287257,55320,65830.8,6300.954102,1,-1,-1
"CA",2007,0.287419685861454,0.767781992270356,55730,64646.8,6640.994141,1,-1,-1
"CA",2008,0.285448907324834,0.764672940258418,57010,63281.1,6817.605469,1,-1,-1
"CA",2009,0.282757372597107,0.761541506100893,56130,62865.6,6663.09668,1,-1,-1
"CA",2010,0.279401423952549,0.758767895670205,54280,59708,6376.719238,1,-1,-1
"CA",2011,0.275089045436586,0.757083177541514,53370,57105.9,6158.283691,-1,-1,-1
"CA",2012,0.271098111139219,0.755414663968294,57020,59871,6191.021973,-1,-1,-1
"CA",2013,0.267617129778329,0.753412991740081,59160,60934.8,6117.38623,-1,-1,-1
"CO",1997,0.283540299326107,0.922254549382039,43230,64845,4380.313477,-1,1,1
"CO",1998,0.285498194036446,0.92040375655966,46600,68502,4640.418945,-1,1,1
"CO",1999,0.285114734485277,0.918808438582136,48180,69379.2,4762.376953,1,1,1
"CO",2000,0.284554074363733,0.91610801306518,48240,67053.6,4838.380371,1,1,1
"CO",2001,0.283984610750828,0.914238399597622,49400,67184,5014.390625,1,1,-1
"CO",2002,0.282694482414285,0.912556013866007,48290,64225.7,5255.67041,1,1,-1
"CO",2003,0.281851078845028,0.911431720843715,49940,64922,5413.59668,1,1,1
"CO",2004,0.279556364102135,0.909495120560313,50890,64630.3,5558.849609,1,1,1
"CO",2005,0.278397059687108,0.908171354747783,50450,62053.5,5628.645996,1,-1,-1
"CO",2006,0.276575001858944,0.906373009368016,55700,66283,5736.044922,1,-1,-1
"CO",2007,0.275495704711287,0.904788807685806,61140,70922.4,5648.052246,-1,-1,-1
"CO",2008,0.274265859260123,0.902816106410783,60940,67643.4,6077.263672,-1,-1,-1
"CO",2009,0.272879482803872,0.900721914566907,55930,62641.6,5839.800781,-1,-1,-1
"CO",2010,0.270775014765177,0.89834584452155,60230,66253,5914.601074,-1,-1,-1
"CO",2011,0.268210707526574,0.89718943634854,58630,62734.1,5746.795898,-1,1,-1
"CO",2012,0.264957159614355,0.895806127395142,57260,60123,5565.087891,-1,1,-1
"CO",2013,0.261856867528874,0.894276466184036,65640,67609.2,5588.166504,-1,-1,-1
"CT",1997,0.266923293727615,0.876169630626617,43990,65985,6697.4375,1,-1,-1
"CT",1998,0.269386085021715,0.872904825409051,46510,68369.7,6392.750977,1,-1,-1
"CT",1999,0.270912098124233,0.869588391924052,50590,72849.6,7073.67627,1,-1,-1
"CT",2000,0.271457366645006,0.866648670179792,50170,69736.3,7257.177246,1,-1,-1
"CT",2001,0.272290978156538,0.863784015252699,53350,72556,7502.927734,1,-1,-1
"CT",2002,0.272014245613082,0.860409066977685,53390,71008.7,7815.854004,1,-1,-1
"CT",2003,0.270954925127772,0.857017807697076,54970,71461,8033.40625,1,-1,-1
"CT",2004,0.2697999538914,0.854168966852722,55100,69977,8238.84668,1,-1,-1
"CT",2005,0.267818016536278,0.851091944124762,56840,69913.2,8357.780273,1,-1,-1
"CT",2006,0.265846377783969,0.847803244386574,62400,74256,8669.975586,1,-1,-1
"CT",2007,0.26381734315774,0.844651245864365,64140,74402.4,8952.786133,1,-1,-1
"CT",2008,0.261386645171353,0.841615995582104,64680,71794.8,9281.356445,1,-1,-1
"CT",2009,0.258705202162835,0.838294719506138,64850,72632,9889.038086,1,-1,-1
"CT",2010,0.255997434001823,0.835208098987627,66000,72600,10059.69922,1,-1,-1
"CT",2011,0.254132408174049,0.832662585420381,65420,69999.4,9784.72168,-1,-1,-1
"CT",2012,0.251341267759192,0.829782445465312,64250,67462.5,9855.779297,-1,-1,-1
"CT",2013,0.24764794882444,0.827392644069654,68535,70591.05,9967.262695,-1,-1,-1
"DE",1997,0.276205709480004,0.784253087545094,43030,64545,5625.310059,-1,1,-1
"DE",1998,0.277212495169225,0.779889563559905,41460,60946.2,5736.408691,-1,1,-1
"DE",1999,0.278361011109821,0.775768719596382,46630,67147.2,5796.600586,-1,1,-1
"DE",2000,0.27804744059117,0.771865259870316,50370,70014.3,6044.072754,-1,1,-1
"DE",2001,0.27622756846496,0.767177035537307,49600,67456,6236.56543,-1,1,-1
"DE",2002,0.274523083869511,0.762902071401902,49650,66034.5,6481.803711,-1,1,-1
"DE",2003,0.27246843837981,0.758553452737948,49020,63726,6744.654297,-1,1,-1
"DE",2004,0.270720014251273,0.754490535060658,48050,61023.5,6945.955078,-1,1,-1
"DE",2005,0.269161687274448,0.749450393421286,51240,63025.2,7169.197266,-1,1,-1
"DE",2006,0.267036593938096,0.744881689996602,52440,62403.6,7456.242676,-1,1,-1
"DE",2007,0.265878136940794,0.7400134671792,54590,63324.4,7121.535645,-1,1,-1
"DE",2008,0.264481136451576,0.735750797059309,50700,56277,7452.427246,-1,1,-1
"DE",2009,0.262757785428325,0.731841476680161,52110,58363.2,7246.470703,-1,-1,-1
"DE",2010,0.259280585776012,0.728791798068682,55210,60731,7347.967285,-1,-1,-1
"DE",2011,0.255569600862262,0.726081987610497,54660,58486.2,7579.586914,-1,-1,-1
"DE",2012,0.252433676909107,0.724168714535626,48970,51418.5,8136.249512,-1,-1,-1
"DE",2013,0.248460332446924,0.721276862976084,53155,54749.65,8059.146973,-1,-1,-1
"FL",1997,0.254245535977681,0.828323995094527,32460,48690,4453.578125,-1,1,1
"FL",1998,0.254052498040397,0.826014610476091,34910,51317.7,4562.870117,-1,1,1
"FL",1999,0.254024560927714,0.823553289172235,35830,51595.2,4745.106934,1,1,1
"FL",2000,0.252910746617155,0.821402441437194,38860,54015.4,4682.180664,1,1,1
"FL",2001,0.251970567157748,0.818786014472366,36420,49531.2,4760.084473,1,1,1
"FL",2002,0.251076104130953,0.816302592608349,38020,50566.6,4855.682617,1,1,1
"FL",2003,0.250065734204457,0.813839850835843,38970,50661,5069.623535,1,1,1
"FL",2004,0.249130966198837,0.811463333600914,40540,51485.8,5212.713379,1,1,1
"FL",2005,0.248094472167361,0.808688278771741,42990,52877.7,5381.471191,1,1,1
"FL",2006,0.247458549820306,0.805540323410758,45680,54359.2,5563.330566,1,1,1
"FL",2007,0.246110185399025,0.803087537447241,45790,53116.4,5914.825195,1,1,1
"FL",2008,0.244375962936865,0.800598737916821,44860,49794.6,6074.468262,1,1,1
"FL",2009,0.241984299920161,0.798502936098496,45630,51105.6,5846.638184,1,1,1
"FL",2010,0.238933440845968,0.79672980398489,44070,48477,5788.283203,0,1,1
"FL",2011,0.23536730267933,0.794335366741095,45110,48267.7,5839.941406,1,1,1
"FL",2012,0.23215376325888,0.792345322700147,46070,48373.5,5413.68457,1,1,1
"FL",2013,0.229939023170459,0.790848548633988,48210,49656.3,5381.085449,1,1,1
"GA",1997,0.293768889639548,0.691483870279355,36660,54990,4609.365723,-1,-1,-1
"GA",1998,0.294251212177321,0.68781181900865,38670,56844.9,4795.29541,-1,-1,-1
"GA",1999,0.29498363465414,0.684020872574017,39430,56779.2,5090.763672,-1,-1,-1
"GA",2000,0.294504164973625,0.680027100010781,41900,58241,5248.695801,-1,-1,-1
"GA",2001,0.293691994712212,0.676664472573719,42580,57908.8,5495.225098,-1,-1,-1
"GA",2002,0.293114358571251,0.673158518032368,42940,57110.2,5768.266602,-1,-1,-1
"GA",2003,0.29297444575093,0.669920523431329,42440,55172,5851.629883,1,-1,1
"GA",2004,0.292273845021217,0.666120325884123,40980,52044.6,5894.493164,1,-1,1
"GA",2005,0.292473203328463,0.662273992535449,45930,56493.9,5823.981934,1,1,1
"GA",2006,0.291573451751363,0.656902887815642,49340,58714.6,6009.018066,1,1,1
"GA",2007,0.29187727299757,0.652618163788018,48640,56422.4,6265.655273,1,1,1
"GA",2008,0.290777659346925,0.648713082372849,46230,51315.3,6577.96582,1,1,1
"GA",2009,0.288668376980569,0.644868445041112,43340,48540.8,6493.700195,1,1,1
"GA",2010,0.286287486430281,0.641607532052751,44120,48532,6346.89209,1,1,1
"GA",2011,0.283075800278523,0.638241166910535,45970,49187.9,6147.794434,1,1,1
"GA",2012,0.279879774941599,0.635334088106465,48120,50526,6058.328613,1,1,1
"GA",2013,0.277288525751721,0.632105417319004,47215,48631.45,5919.911621,1,1,1
"HI",1997,0.28079792677693,0.308395232907464,40930,61395,3231.664063,-1,-1,-1
"HI",1998,0.276449865992777,0.30408324987883,40830,60020.1,3451.279785,-1,-1,-1
"HI",1999,0.273527224655044,0.299700900603156,44500,64080,3872.994385,-1,-1,-1
"HI",2000,0.269373615081428,0.295784408814366,51550,71654.5,4179.771973,-1,-1,-1
"HI",2001,0.266494174304294,0.298165175031894,47440,64518.4,4847.046387,-1,-1,-1
"HI",2002,0.263539507894803,0.299917796925331,47300,62909,5524.283691,-1,-1,-1
"HI",2003,0.261613678252238,0.300127722086969,51830,67379,5952.233398,1,-1,-1
"HI",2004,0.259940372292353,0.300739889240395,56240,71424.8,6259.84082,1,-1,-1
"HI",2005,0.256144172521851,0.302913448990469,59590,73295.7,6209.719238,1,-1,-1
"HI",2006,0.25407049233774,0.304769452658599,60470,71959.3,6512.612305,1,-1,-1
"HI",2007,0.25348129287248,0.302409029585574,64020,74263.2,7035.885742,1,-1,-1
"HI",2008,0.251586645679032,0.303085917942551,61520,68287.2,7191.782227,1,-1,-1
"HI",2009,0.250678501867876,0.302092421793146,55650,62328,7433.102539,1,-1,-1
"HI",2010,0.248064646914909,0.301912881801046,59540,65494,6376.723145,1,-1,-1
"HI",2011,0.245826775192866,0.301947541159506,59050,63183.5,5818.631348,-1,-1,-1
"HI",2012,0.243717396852891,0.303019635733766,56260,59073,5478.050293,-1,-1,-1
"HI",2013,0.241892201843006,0.305283250120895,62825,64709.75,5368.926758,-1,-1,-1
"IA",1997,0.283620632703116,0.963960667132692,33780,50670,4616.664063,1,1,1
"IA",1998,0.283776894055267,0.963132718218371,37020,54419.4,5099.352051,1,1,1
"IA",1999,0.283738810282578,0.961898579465416,41100,59184,5215.052734,-1,1,1
"IA",2000,0.282657924861398,0.958404160778842,40990,56976.1,5361.452637,-1,1,1
"IA",2001,0.281294967218589,0.956971647651754,40980,55732.8,5336.051758,-1,1,1
"IA",2002,0.278627744072218,0.955454132151696,41050,54596.5,5350.000488,-1,1,1
"IA",2003,0.276648292538509,0.953774627387705,41380,53794,5632.50293,-1,1,1
"IA",2004,0.274994709908299,0.952055010182368,43390,55105.3,5868.491699,-1,1,1
"IA",2005,0.273153167497286,0.950250872504684,46500,57195,5926.546387,-1,1,0
"IA",2006,0.272302695192588,0.948255306365761,48130,57274.7,6021.308105,-1,1,0
"IA",2007,0.271682695321304,0.946092506965163,48910,56735.6,6117.773926,-1,-1,-1
"IA",2008,0.2713702964862,0.944040144076342,50140,55655.4,6340.094727,-1,-1,-1
"IA",2009,0.270503846191891,0.94183265355917,50720,56806.4,6587.031738,-1,-1,-1
"IA",2010,0.269101481769207,0.939572137297611,49020,53922,6622.112305,-1,-1,-1
"IA",2011,0.267486994249815,0.937014730283961,50220,53735.4,6613.032227,1,1,-1
"IA",2012,0.265594127800949,0.934806692694534,53440,56112,6665.373047,1,1,-1
"IA",2013,0.264537598969543,0.931505591502352,57510,59235.3,6789.686035,1,1,-1
"ID",1997,0.326299938136945,0.970710285546837,33400,50100,3991.01001,1,1,1
"ID",1998,0.324808157594244,0.96966374677601,36680,53919.6,4104.615723,1,1,1
"ID",1999,0.322559682175854,0.968906632885831,35800,51552,4300.488281,1,1,1
"ID",2000,0.319770206936888,0.966270595568826,37610,52277.9,4248.990723,1,1,1
"ID",2001,0.317395500779568,0.964955051736338,38240,52006.4,4466.608398,1,1,1
"ID",2002,0.314483591122464,0.963865255317181,37720,50167.6,4708.800293,1,1,1
"ID",2003,0.31134166556646,0.962733060482037,42370,55081,4674.341797,1,1,1
"ID",2004,0.308851402713892,0.961616666738516,44360,56337.2,4594.573242,1,1,1
"ID",2005,0.307532132182174,0.960127877578084,44180,54341.4,4564.254395,1,1,1
"ID",2006,0.306011088951969,0.959001653878444,46210,54989.9,4491.362305,1,1,1
"ID",2007,0.305929486647111,0.957573724092339,49180,57048.8,4460.600586,1,1,1
"ID",2008,0.305556859064602,0.956608139110485,47420,52636.2,4521.99707,1,1,1
"ID",2009,0.304175332708456,0.955434725968661,46780,52393.6,4600.055176,1,1,1
"ID",2010,0.302457558383087,0.954653393992409,47050,51755,4521.464355,1,1,1
"ID",2011,0.299155886382433,0.953368562607724,47460,50782.2,4250.507324,1,1,1
"ID",2012,0.296016357805687,0.952612133961502,47920,50316,4106.696777,1,1,1
"ID",2013,0.293461543713219,0.951679673486817,50120,51623.6,4196.285156,1,1,1
"IL",1997,0.292054836339107,0.808792426213809,41280,61920,4440.081543,1,-1,1
"IL",1998,0.291438444433018,0.807173687872738,43180,63474.6,4904.410645,1,-1,1
"IL",1999,0.291213219171099,0.805222825110729,46330,66715.2,5217.120605,1,-1,1
"IL",2000,0.290035411315649,0.803257654456943,46060,64023.4,5421.254883,1,-1,1
"IL",2001,0.288521909653284,0.801981271487363,46170,62791.2,5493.169434,1,-1,1
"IL",2002,0.28694845961329,0.800629848287773,42710,56804.3,5619.283203,1,-1,1
"IL",2003,0.285226209672088,0.799403010798179,45150,58695,5896.714355,-1,-1,-1
"IL",2004,0.283699634616129,0.798094850479036,46080,58521.6,6139.533203,-1,-1,-1
"IL",2005,0.281755775599543,0.796705335481169,48400,59532,6206.019043,-1,-1,-1
"IL",2006,0.279740002238224,0.79519707243501,48670,57917.3,6357.414551,-1,-1,-1
"IL",2007,0.278144870149071,0.793828715583482,52510,60911.6,6455.692383,-1,-1,-1
"IL",2008,0.276348277929351,0.792549845697487,53250,59107.5,6679.875488,-1,-1,-1
"IL",2009,0.274269351238257,0.791116170023423,52870,59214.4,7120.0625,-1,-1,-1
"IL",2010,0.271815597878058,0.789790945105499,50730,55803,7317.354492,-1,-1,-1
"IL",2011,0.268614910144618,0.788489393472866,50640,54184.8,7284.108398,-1,-1,-1
"IL",2012,0.265261816214387,0.786976994390068,51740,54327,7275.220215,-1,-1,-1
"IL",2013,0.261878496911508,0.785354919675484,55570,57237.1,7318.476074,-1,-1,-1
"IN",1997,0.288886123829544,0.903053045312662,38890,58335,4550.327637,-1,0,1
"IN",1998,0.289869942389246,0.901562458325554,39730,58403.1,4804.596191,-1,0,1
"IN",1999,0.290414888810844,0.899909825840298,40840,58809.6,4913.326172,-1,-1,1
"IN",2000,0.28966690994188,0.897572927572603,40870,56809.3,4972.573242,-1,-1,1
"IN",2001,0.288422523075316,0.895633641004217,40380,54916.8,5100.126953,-1,-1,1
"IN",2002,0.286662680290521,0.893733673361147,41050,54596.5,5268.236328,-1,-1,1
"IN",2003,0.285277435925739,0.891825535072405,42430,55159,5495.084473,-1,-1,1
"IN",2004,0.284522863523176,0.889856212258385,42330,53759.1,5682.501465,-1,-1,1
"IN",2005,0.283542583269944,0.887861592427376,42440,52201.2,5935.679199,1,1,1
"IN",2006,0.282794663671826,0.885634635254108,45410,54037.9,5752.851074,1,1,1
"IN",2007,0.282215386891872,0.883648329620717,47450,55042,5764.890625,1,-1,1
"IN",2008,0.28153566037636,0.881709113084504,46520,51637.2,5499.738281,1,-1,1
"IN",2009,0.280112550459994,0.879621941921176,44310,49627.2,5614.6875,1,-1,1
"IN",2010,0.277904459980476,0.877639115547316,46140,50754,5721.385254,1,-1,1
"IN",2011,0.275042169695273,0.875749018495739,44450,47561.5,5462.79834,1,1,1
"IN",2012,0.271973963944217,0.873820973513174,46160,48468,5404.340332,1,1,1
"IN",2013,0.269852861587955,0.871855415208428,50005,51505.15,5231.472168,1,1,1
"KS",1997,0.296872604629772,0.912700755741679,36470,54705,4727.243652,1,1,1
"KS",1998,0.298045777678552,0.910927919212147,36710,53963.7,4831.366211,1,1,1
"KS",1999,0.297956419242082,0.909206754337951,37350,53784,4884.453125,1,1,1
"KS",2000,0.296832104469683,0.906242053160712,41060,57073.4,5008.48877,1,1,1
"KS",2001,0.295550377808584,0.904740352354892,41420,56331.2,5212.899414,1,1,1
"KS",2002,0.293333235060539,0.902933995691966,42620,56684.6,5436.493164,1,1,1
"KS",2003,0.291691088224623,0.901480497274334,44230,57499,5495.958984,-1,1,1
"KS",2004,0.2893928516702,0.900015469725601,41070,52158.9,5538.958496,-1,1,1
"KS",2005,0.287571226303583,0.898701744327303,42030,51696.9,5515.644043,-1,1,1
"KS",2006,0.285602861598788,0.897015524455732,45550,54204.5,5742.749023,-1,1,1
"KS",2007,0.285502292741717,0.895420802971494,48500,56260,5993.640625,-1,1,1
"KS",2008,0.284786095533027,0.893267489911242,47880,53146.8,6240.258301,-1,1,1
"KS",2009,0.284627691421342,0.891408703486139,44720,50086.4,6327.543457,-1,1,1
"KS",2010,0.283947883100844,0.889497549148237,46050,50655,6091.067871,-1,1,1
"KS",2011,0.28261743153639,0.888046772212008,46150,49380.5,6003.258301,1,1,1
"KS",2012,0.280484892680271,0.8863768461527,50000,52500,5925.218262,1,1,1
"KS",2013,0.278742103931547,0.884923745650163,49655,51144.65,5991.032227,1,1,1
"KY",1997,0.283423654486361,0.917489786217028,33450,50175,4037.386475,-1,-1,-1
"KY",1998,0.280377077274746,0.916317600034125,36250,53287.5,4019.056396,-1,-1,-1
"KY",1999,0.277840287323238,0.915078770737967,33740,48585.6,4215.571777,-1,-1,-1
"KY",2000,0.275163798854093,0.912785090519412,36270,50415.3,4308.103027,-1,-1,1
"KY",2001,0.272813419033601,0.911317282723373,38440,52278.4,4422.804688,-1,-1,1
"KY",2002,0.271314893486965,0.910091139704759,36760,48890.8,4557.156738,-1,-1,1
"KY",2003,0.270299016071719,0.909202923367264,36940,48022,4632.381348,-1,-1,1
"KY",2004,0.268555927605237,0.907602347362016,35610,45224.7,4695.09375,1,-1,1
"KY",2005,0.26759216800845,0.906283963964309,36700,45141,5092.95752,1,-1,1
"KY",2006,0.266905240494791,0.905216082805454,39490,46993.1,5327.96582,1,-1,1
"KY",2007,0.266173198216823,0.903669110516385,39450,45762,5322.714355,1,-1,1
"KY",2008,0.266436947624152,0.902662033745482,41150,45676.5,5634.713379,-1,-1,1
"KY",2009,0.265074446256886,0.900956990776623,42660,47779.2,5585.651367,-1,-1,1
"KY",2010,0.263573664481768,0.899423230081728,41100,45210,5792.337402,-1,-1,1
"KY",2011,0.261041127313911,0.898037242257749,39860,42650.2,5891.11084,-1,-1,1
"KY",2012,0.258571941201173,0.896558091860514,41090,43144.5,5933.322754,-1,-1,1
"KY",2013,0.257114114849753,0.894766655035044,43520,44825.6,5833.59082,-1,-1,1
"LA",1997,0.312537391957741,0.657402923409283,33260,49890,3979.902588,1,-1,-1
"LA",1998,0.310754076711174,0.655632761786024,31740,46657.8,4208.101074,1,-1,-1
"LA",1999,0.308540532203673,0.653594380035379,32650,47016,4411.924316,1,-1,-1
"LA",2000,0.305463356056786,0.651188480920238,30720,42700.8,4474.446289,1,-1,-1
"LA",2001,0.301286212768333,0.64995338190548,33320,45315.2,4664.652832,1,-1,-1
"LA",2002,0.297617864360733,0.648609032997151,34010,45233.3,4870.508301,1,-1,-1
"LA",2003,0.29452878340878,0.647311172955261,33510,43563,5050.541504,1,-1,-1
"LA",2004,0.291291228622054,0.646033884871573,36430,46266.1,5198.158691,-1,-1,-1
"LA",2005,0.288271845559657,0.644802898553258,37240,45805.2,5316.54834,-1,-1,-1
"LA",2006,0.281059296970598,0.658681770484107,36490,43423.1,5613.87793,-1,-1,-1
"LA",2007,0.28106484601702,0.65387887917056,41310,47919.6,5858.893555,-1,-1,-1
"LA",2008,0.280762902579276,0.650116354411796,39560,43911.6,6361.475098,1,-1,-1
"LA",2009,0.278576593713488,0.647982433173748,45430,50881.6,6664.945313,1,-1,-1
"LA",2010,0.2755143984023,0.646470087568973,39300,43230,6689.425293,1,-1,-1
"LA",2011,0.271756973091108,0.645002813823248,40660,43506.2,6691.130371,1,1,1
"LA",2012,0.268799940534305,0.643795050263292,39090,41044.5,7014.277832,1,1,1
"LA",2013,0.266443897938103,0.642472841006226,43025,44315.75,6184.220215,1,1,1
"MA",1997,0.262718721862212,0.898367956096779,42020,63030,5516.70752,1,-1,-1
"MA",1998,0.264189062281264,0.895095664141835,42350,62254.5,5950.643066,1,-1,-1
"MA",1999,0.263811142180774,0.891633114860752,44010,63374.4,6285.706543,1,-1,-1
"MA",2000,0.263543718197344,0.888041289688079,46750,64982.5,6598.154785,1,-1,-1
"MA",2001,0.263068190521684,0.883925369910189,52250,71060,6916.268066,1,-1,-1
"MA",2002,0.262355455006431,0.880219989821115,49860,66313.8,7306.133301,1,-1,-1
"MA",2003,0.261320204622297,0.876729780080077,50960,66248,7463.475586,1,-1,-1
"MA",2004,0.260203818266854,0.873340079762568,52020,66065.4,7607.855469,1,-1,-1
"MA",2005,0.258447922864652,0.869871893979501,56020,68904.6,7792.902344,1,-1,-1
"MA",2006,0.256531427669279,0.866425151370871,55330,65842.7,7942.754883,1,-1,-1
"MA",2007,0.254588817423583,0.863247775539337,58460,67813.6,8113.105957,-1,-1,-1
"MA",2008,0.252368113796221,0.859830789057975,60320,66955.2,8463.208008,-1,-1,-1
"MA",2009,0.249805565319696,0.856400341658825,59370,66494.4,8912.085938,-1,-1,-1
"MA",2010,0.247310702956776,0.853167846096748,60930,67023,8740.091797,-1,-1,-1
"MA",2011,0.245043420487805,0.849556738004195,63310,67741.7,8626.578125,-1,-1,-1
"MA",2012,0.242263663317077,0.845516399882635,63660,66843,8892.456055,-1,-1,-1
"MA",2013,0.239554378127646,0.841633082910604,62745,64627.35,8982.03125,-1,-1,-1
"MD",1997,0.280528987103399,0.678311714903531,46690,70035,5070.797852,-1,-1,-1
"MD",1998,0.282252504772826,0.67324973330587,50020,73529.4,5101.847656,-1,-1,-1
"MD",1999,0.282207338497279,0.66831039779359,52210,75182.4,5336.076172,-1,-1,-1
"MD",2000,0.281260108671871,0.664299644852584,54540,75810.6,5431.976563,-1,-1,-1
"MD",2001,0.280216295225158,0.659922961152557,53530,72800.8,5747.301758,-1,-1,-1
"MD",2002,0.279230952051407,0.655622971077987,56410,75025.3,6100.807617,-1,-1,-1
"MD",2003,0.277733313271239,0.651263429792101,52310,68003,6201.04834,1,-1,-1
"MD",2004,0.276417877620704,0.646445108875442,57100,72517,6270.23877,1,-1,-1
"MD",2005,0.274394492934045,0.641584914041055,60510,74427.3,6440.032715,1,-1,-1
"MD",2006,0.272270672945269,0.637044820428453,63670,75767.3,6772.533691,1,-1,-1
"MD",2007,0.270206926512291,0.633050188488077,65630,76130.8,7297.537109,-1,-1,-1
"MD",2008,0.267782651256428,0.629672654097255,63710,70718.1,7782.052246,-1,-1,-1
"MD",2009,0.265057793643293,0.626104375480334,64190,71892.8,8055.759277,-1,-1,-1
"MD",2010,0.262020213711499,0.622973942952107,64200,70620,8164.040527,-1,-1,-1
"MD",2011,0.259494994279397,0.620507451169371,68880,73701.6,8061.694336,-1,-1,-1
"MD",2012,0.256647537486037,0.618101910109611,71840,75432,7906.29834,-1,-1,-1
"MD",2013,0.254071287286509,0.615402550113216,67305,69324.15,8037.679688,-1,-1,-1
"ME",1997,0.269909162924957,0.982266129199362,32770,49155,5921.900879,0,-1,-1
"ME",1998,0.268887888195551,0.981041626460238,35640,52390.8,6271.044922,0,-1,-1
"ME",1999,0.265546160112661,0.980397976646816,38860,55958.4,6140.449707,0,-1,-1
"ME",2000,0.262877895686383,0.978556416552865,37270,51805.3,6385.166504,0,-1,-1
"ME",2001,0.261017413190718,0.977214605053154,36610,49789.6,6537.478027,0,-1,0
"ME",2002,0.258131423809377,0.975814839964196,36850,49010.5,6737.321289,0,-1,0
"ME",2003,0.255371358723564,0.974216865809984,37110,48243,6998.93457,-1,-1,-1
"ME",2004,0.2525957457174,0.972896151902126,41330,52489.1,7241.095215,-1,-1,-1
"ME",2005,0.249382955700959,0.97141615742345,43920,54021.6,7352.444824,-1,-1,-1
"ME",2006,0.246218133768101,0.970161353078189,45640,54311.6,7529.910645,-1,-1,-1
"ME",2007,0.243203671328671,0.968944417651314,47890,55552.4,7712.844727,-1,-1,-1
"ME",2008,0.240095331936875,0.967537235749627,47230,52425.3,7877.04541,-1,-1,-1
"ME",2009,0.23695199271956,0.966346016441159,47500,53200,8256.09668,-1,-1,-1
"ME",2010,0.233364893354996,0.96561614728211,47930,52723,8327.164063,-1,-1,-1
"ME",2011,0.230001264789759,0.964407461055015,49690,53168.3,8328.052734,1,1,1
"ME",2012,0.226638869829611,0.963666531347888,49160,51618,8110.944824,1,1,1
"ME",2013,0.223451798895941,0.962720885174724,52540,54116.2,7923.620117,1,-1,-1
"MI",1997,0.291674495320699,0.830948580041025,38740,58110,5657.581543,1,-1,1
"MI",1998,0.291791828180954,0.829216195627472,41820,61475.4,6032.541992,1,-1,1
"MI",1999,0.291112279577202,0.827200368268898,46090,66369.6,6247.037109,1,1,1
"MI",2000,0.289876362101794,0.825157222593432,45510,63258.9,6439.027344,1,1,1
"MI",2001,0.288323331118033,0.823748788924565,45050,61268,6379.449707,1,1,1
"MI",2002,0.286536051862524,0.82249006810301,42720,56817.6,6382.507324,1,1,1
"MI",2003,0.284730676320805,0.821199798588847,45020,58526,6870.291992,-1,1,1
"MI",2004,0.283151746116357,0.820092458565445,42260,53670.2,7319.441895,-1,1,1
"MI",2005,0.280944832410502,0.819002865048999,45930,56493.9,7303.206055,-1,1,1
"MI",2006,0.278679695789621,0.817899536681699,48650,57893.5,6638.870117,-1,1,1
"MI",2007,0.276542391956873,0.816969501116057,49370,57269.2,7323.381348,-1,-1,1
"MI",2008,0.273899507675214,0.816199818857936,49790,55266.9,7015.958008,-1,-1,1
"MI",2009,0.270900302789723,0.815358158098027,45990,51508.8,7121.326172,-1,-1,1
"MI",2010,0.266917573356038,0.814112969766672,46280,50908,7166.56543,-1,-1,1
"MI",2011,0.262684049197706,0.812798636608148,48880,52301.6,6903.254395,1,1,1
"MI",2012,0.258755024807659,0.811554847382755,50020,52521,6684.288086,1,1,1
"MI",2013,0.255379945556697,0.810571402487525,52685,54265.55,6510.559082,1,1,1
"MN",1997,0.293805252141857,0.928056279246503,42560,63840,5569.093262,1,-1,-1
"MN",1998,0.294584382138907,0.924214257994121,47930,70457.1,5515.409668,1,-1,-1
"MN",1999,0.293323191369783,0.920274850768886,47040,67737.6,5826.521484,0,1,-1
"MN",2000,0.291487591848052,0.915555531233,54250,75407.5,6035.897461,0,1,-1
"MN",2001,0.289743950986555,0.912118216358847,52680,71644.8,5991.463867,0,1,-1
"MN",2002,0.28672596875632,0.908782440896326,54620,72644.6,6011.618164,0,1,-1
"MN",2003,0.284026031488223,0.905563035413367,52820,68666,6156.888672,1,1,-1
"MN",2004,0.281960283530144,0.902160558191863,56100,71247,6262.96875,1,1,-1
"MN",2005,0.279294780566755,0.898652394191888,54220,66690.6,6326.550781,1,1,-1
"MN",2006,0.277080228640927,0.894827497722015,56210,66889.9,6416.174316,1,1,-1
"MN",2007,0.275373362628651,0.891077801268743,58060,67349.6,6518.069824,1,-1,-1
"MN",2008,0.273489437238447,0.887661334495136,54930,60972.3,6683.457031,1,-1,-1
"MN",2009,0.271486061035715,0.884825105189102,56090,62820.8,7226.053711,1,-1,-1
"MN",2010,0.269552506690106,0.882026117208089,52320,57552,6882.649414,1,-1,-1
"MN",2011,0.267757708688301,0.878669912121692,57820,61867.4,6755.855957,-1,1,1
"MN",2012,0.265230181732356,0.875685441640816,61800,64890,6709.662598,-1,1,1
"MN",2013,0.263092920467596,0.872539451986421,62615,64493.45,6807.535156,-1,-1,-1
"MO",1997,0.287539409759883,0.870234271991517,36550,54825,4324.664063,-1,-1,-1
"MO",1998,0.288213279630698,0.868812961073135,40200,59094,4493.925293,-1,-1,-1
"MO",1999,0.286626376226459,0.867496963294155,41380,59587.2,4723.314941,-1,-1,-1
"MO",2000,0.284496686007578,0.864883807404118,45100,62689,4892.818359,-1,-1,-1
"MO",2001,0.282401152107144,0.863368268339992,41340,56222.4,5145.390137,-1,-1,1
"MO",2002,0.280127052376064,0.861918737582216,42780,56897.4,5425.149902,-1,-1,1
"MO",2003,0.278260967039811,0.860569134811468,43760,56888,5443.924316,-1,1,1
"MO",2004,0.27668330914702,0.859048798475784,42140,53517.8,5430.335449,-1,1,1
"MO",2005,0.274926169628517,0.857623957307912,42990,52877.7,5462.624023,1,1,1
"MO",2006,0.273310439823753,0.856142635327752,44580,53050.2,5594.589355,1,1,1
"MO",2007,0.272132742442946,0.854962759094859,46010,53371.6,5742.681152,1,1,1
"MO",2008,0.270870991418514,0.853748770239146,46040,51104.4,5957.992188,1,1,1
"MO",2009,0.269074705825514,0.852426100738657,48770,54622.4,6099.271484,-1,1,1
"MO",2010,0.26669128318435,0.850996685442599,45820,50402,6138.182617,-1,1,1
"MO",2011,0.26369592073574,0.84972817383564,45770,48973.9,5911.87207,-1,1,1
"MO",2012,0.260610450857327,0.848656464654295,49760,52248,5848.60791,-1,1,1
"MO",2013,0.258087494609496,0.847491729042009,48305,49754.15,5915.878418,-1,1,1
"MS",1997,0.312941573004576,0.62435127929236,28500,42750,3406.456543,1,-1,-1
"MS",1998,0.310566329415573,0.623458999712639,29120,42806.4,3585.14624,1,-1,-1
"MS",1999,0.309119829953811,0.622553393994077,32480,46771.2,3720.852295,1,-1,-1
"MS",2000,0.306229248973003,0.62190465858691,34300,47677,4028.208252,-1,-1,-1
"MS",2001,0.302773156901136,0.621044418600249,30160,41017.6,4073.540771,-1,-1,-1
"MS",2002,0.299451740155687,0.62031965091593,30880,41070.4,4144.423828,-1,-1,-1
"MS",2003,0.296817082660464,0.619470266832897,32730,42549,4421.754883,-1,-1,-1
"MS",2004,0.295094167206067,0.618534376828048,34760,44145.2,4641.402832,1,-1,-1
"MS",2005,0.292887713213921,0.617527597753982,32880,40442.4,4771.66748,1,-1,-1
"MS",2006,0.291299280063395,0.613656626659479,34730,41328.7,5051.035645,1,-1,-1
"MS",2007,0.291099766079874,0.612046715727287,37280,43244.8,5043.43457,1,-1,1
"MS",2008,0.290100501864777,0.610419749467909,36450,40459.5,5191.871582,1,-1,-1
"MS",2009,0.288361666014369,0.609463919853291,35080,39289.6,5249.914063,1,-1,-1
"MS",2010,0.285050435138567,0.607681478299627,38160,41976,5269.195313,1,-1,-1
"MS",2011,0.281252318520874,0.606325646726744,41090,43966.3,5082.048828,1,-1,1
"MS",2012,0.27803591106154,0.605321507760532,36640,38472,5168.57959,1,1,1
"MS",2013,0.275146041219777,0.603617077730165,36595,37692.85,5151.478516,1,1,1
"MT",1997,0.291868991363859,0.928925174043254,29210,43815,4923.669922,1,1,1
"MT",1998,0.29059389465404,0.927426322034981,31580,46422.6,5033.03125,1,1,1
"MT",1999,0.288220593265568,0.925652947553612,31040,44697.6,5111.671875,1,1,1
"MT",2000,0.284980852492827,0.922564626294435,32780,45564.2,5202.484375,1,1,1
"MT",2001,0.282735420817433,0.921143246512254,32130,43696.8,5359.111328,1,1,1
"MT",2002,0.278081799604461,0.92026255200638,34840,46337.2,5546.41748,1,1,1
"MT",2003,0.274203755858334,0.919485010275872,34110,44343,5729.899414,1,1,1
"MT",2004,0.270197385186595,0.918719066159575,33960,43129.2,5878.696777,1,1,1
"MT",2005,0.266071128452019,0.917896143184463,37310,45891.3,5871.304199,-1,0,-1
"MT",2006,0.262453132806825,0.917457058524686,41110,48920.9,5976.066895,-1,0,-1
"MT",2007,0.260091675598576,0.916796412585803,43660,50645.6,6163.589844,-1,1,-1
"MT",2008,0.25806854667329,0.916412590957738,42900,47619,6287.378418,-1,1,-1
"MT",2009,0.255843094690757,0.91528097058686,40440,45292.8,6424.44873,-1,0,1
"MT",2010,0.253397355599139,0.914431960528799,41280,45408,6693.108398,-1,0,1
"MT",2011,0.251602300574743,0.912516193463255,40280,43099.6,6655.689453,-1,1,1
"MT",2012,0.248972138400431,0.911017620342245,45090,47344.5,6478.230957,-1,1,1
"MT",2013,0.247590445248424,0.909561164558111,43665,44974.95,6468.643066,-1,1,1
"NC",1997,0.271038191417461,0.75190068990737,35840,53760,4222.503906,-1,1,-1
"NC",1998,0.271016802019075,0.751530806092005,35840,52684.8,4413.067383,-1,1,-1
"NC",1999,0.271541574222129,0.751112825295014,37250,53640,4599.983398,-1,-1,-1
"NC",2000,0.271792243480077,0.749553987606931,38320,53264.8,4887.006348,-1,-1,-1
"NC",2001,0.272754412175605,0.748051003383385,38160,51897.6,4912.795898,-1,-1,-1
"NC",2002,0.273058145005147,0.746411358553559,36520,48571.6,4990.285645,-1,-1,-1
"NC",2003,0.273177765131758,0.744654111646885,37280,48464,5009.257813,-1,-1,-1
"NC",2004,0.272498021781912,0.743106868672508,40240,51104.8,5006.794434,-1,-1,-1
"NC",2005,0.272375777490932,0.741682726608877,42060,51733.8,5197.304688,-1,-1,-1
"NC",2006,0.271387207071222,0.740152199047466,39800,47362,5192.340332,-1,-1,-1
"NC",2007,0.27200646367195,0.738440631464865,43510,50471.6,5402.46582,-1,-1,-1
"NC",2008,0.271114219541887,0.73648107422899,42930,47652.3,5343.966797,-1,-1,-1
"NC",2009,0.270114733311562,0.734374255918208,41910,46939.2,5689.011719,-1,-1,-1
"NC",2010,0.26751071590127,0.73238264470501,43830,48213,5512.083984,-1,-1,-1
"NC",2011,0.264883006032974,0.730488200371273,45210,48374.7,5258.845215,-1,1,1
"NC",2012,0.262062802144443,0.728398121088764,41550,43627.5,5164.939941,-1,1,1
"NC",2013,0.259344088223749,0.726028045776351,43775,45088.25,5169.59082,1,1,1
"ND",1997,0.291117965387954,0.942519500828054,31660,47490,4205.683594,1,1,1
"ND",1998,0.290072150874397,0.940694822804124,30300,44541,4559.083496,1,1,1
"ND",1999,0.288321932638892,0.93906177484521,32660,47030.4,4726.808594,1,1,1
"ND",2000,0.285298190251751,0.934468079803995,36000,50040,4936.841309,1,1,1
"ND",2001,0.283359048104879,0.932161511715608,35790,48674.4,5051.313477,1,1,1
"ND",2002,0.278616289127628,0.930032530618897,36200,48146,5188.044434,1,1,1
"ND",2003,0.273773240223726,0.928159394631013,40410,52533,5575.984863,1,1,1
"ND",2004,0.269476737422542,0.925930464320891,39220,49809.4,5881.391602,1,1,1
"ND",2005,0.265752860673994,0.923631264423322,42190,51893.7,6008.80127,1,1,1
"ND",2006,0.262113079014878,0.92149942564311,41050,48849.5,6063.294434,1,1,1
"ND",2007,0.260217946086376,0.919624338640548,47210,54763.6,6083.73877,1,1,1
"ND",2008,0.25852191937272,0.917877819666073,49630,55089.3,6324.144043,1,1,1
"ND",2009,0.256988306204208,0.915853093682704,50080,56089.6,6496.022461,1,1,1
"ND",2010,0.255764285661353,0.913907353475171,51010,56111,6878.111328,1,1,1
"ND",2011,0.255586121347003,0.91142617388449,56360,60305.2,7030.954102,1,1,1
"ND",2012,0.256062671854142,0.909028546327883,55770,58558.5,6951.397949,1,1,1
"ND",2013,0.257093829116554,0.904954877596131,56020,57700.6,6967.186035,1,1,1
"NE",1997,0.297026004229082,0.93840079980171,34690,52035,4706.666016,-1,NA,NA
"NE",1998,0.29724687112281,0.93717007033782,36410,53522.7,4705.416504,-1,NA,NA
"NE",1999,0.296390585441739,0.935459688261836,38630,55627.2,4735.668945,1,NA,NA
"NE",2000,0.294428819829387,0.93167718896967,41750,58032.5,4909.231934,1,NA,NA
"NE",2001,0.293624508383357,0.929638639963345,43610,59309.6,5207.082031,1,NA,NA
"NE",2002,0.291726166643137,0.927817753018587,42800,56924,5523.670898,1,NA,NA
"NE",2003,0.289723077135444,0.925847917024944,43970,57161,5657.32959,1,NA,NA
"NE",2004,0.288032834677627,0.923934902279106,43790,55613.3,5752.150391,1,NA,NA
"NE",2005,0.285825635808633,0.922073100323191,47920,58941.6,5677.648438,1,NA,NA
"NE",2006,0.284140570307436,0.919890810196689,48150,57298.5,5726.317871,1,NA,NA
"NE",2007,0.283091104831113,0.917998923428879,49170,57037.2,6051.982422,1,NA,NA
"NE",2008,0.282549663823538,0.915431496043706,50730,56310.3,6153.720703,1,NA,NA
"NE",2009,0.281556124264419,0.913736709617732,49600,55552,6431.949219,1,NA,NA
"NE",2010,0.280581150910993,0.911837498127947,52500,57750,6861.948242,1,NA,NA
"NE",2011,0.279977095321709,0.910232784548252,55620,59513.4,6838.375977,1,NA,NA
"NE",2012,0.278676503518313,0.908421882444479,52200,54810,7048.46875,1,NA,NA
"NE",2013,0.277746653449698,0.906659539940138,55695,57365.85,7154.836426,1,NA,NA
"NH",1997,0.280545641801711,0.978268491077622,41000,61500,5062.4375,-1,1,1
"NH",1998,0.281646682256165,0.977195382854868,44960,66091.2,5216.615234,-1,1,1
"NH",1999,0.279965695974023,0.975438906591905,46060,66326.4,5358.270996,-1,1,-1
"NH",2000,0.278253898354843,0.97318615803762,50930,70792.7,5661.609375,-1,1,0
"NH",2001,0.27702611752768,0.970714056440494,51330,69808.8,5930.54541,-1,1,1
"NH",2002,0.274948407873679,0.968793362798039,55320,73575.6,6254.141113,-1,1,1
"NH",2003,0.272062132766596,0.967019314914364,55570,72241,6601.987793,1,1,1
"NH",2004,0.268853076571887,0.965435025086794,56820,72161.4,6925.630371,1,1,1
"NH",2005,0.265889970827699,0.963685567566069,56980,70085.4,7154.342773,-1,1,1
"NH",2006,0.26236998323893,0.962095370719259,61970,73744.3,7378.856934,-1,1,1
"NH",2007,0.258728114952687,0.96084462187819,67580,78392.8,7635.67334,-1,-1,-1
"NH",2008,0.254857869787052,0.959301804232217,66180,73459.8,8085.763184,-1,-1,-1
"NH",2009,0.250836181390196,0.958120267274117,64130,71825.6,8458.076172,-1,-1,-1
"NH",2010,0.246712769657691,0.957229932212503,66630,73293,8810.34082,-1,-1,-1
"NH",2011,0.243413507932877,0.955157619818785,65880,70491.6,9009.894531,-1,1,1
"NH",2012,0.238886388487818,0.95310640431586,67820,71211,9145.652344,-1,1,1
"NH",2013,0.234597345739781,0.95144736028801,70210,72316.3,9220.25,-1,-1,1
"NJ",1997,0.270272769481901,0.797607998629485,48020,72030,7223.887207,1,1,1
"NJ",1998,0.270171119641847,0.794064086063959,49830,73250.1,7607.885742,1,1,1
"NJ",1999,0.270791206078,0.790611671000211,49730,71611.2,7706.438965,1,1,1
"NJ",2000,0.271084656753043,0.787223384849111,50410,70069.9,8273.927734,1,1,1
"NJ",2001,0.27120419476982,0.783277369392974,51770,70407.2,8330.167969,1,1,1
"NJ",2002,0.271115490264238,0.779534232868132,54570,72578.1,8454.405273,-1,-1,0
"NJ",2003,0.270921647424455,0.776001051921536,56050,72865,9054.401367,-1,-1,0
"NJ",2004,0.270644911767952,0.772558442751172,55280,70205.6,9600.628906,-1,-1,-1
"NJ",2005,0.269545308388583,0.769082870568034,63370,77945.1,9936.870117,-1,-1,-1
"NJ",2006,0.267888246609,0.765784093361114,68060,80991.4,10251.8291,-1,-1,-1
"NJ",2007,0.266299910634907,0.762311554024973,60510,70191.6,10377.76953,-1,-1,-1
"NJ",2008,0.264436138301866,0.75899893124741,65310,72494.1,10650.76074,-1,-1,-1
"NJ",2009,0.262369623470779,0.755629138921573,64780,72553.6,10871.9248,-1,-1,-1
"NJ",2010,0.260122625901676,0.752640677606295,62970,69267,11295.34766,1,-1,-1
"NJ",2011,0.258016743547916,0.750009656645919,62340,66703.8,10745.85645,1,-1,-1
"NJ",2012,0.255217275590954,0.747429773988343,66690,70024.5,10906.01953,1,-1,-1
"NJ",2013,0.252510000031614,0.744922418180841,62765,64647.95,11298.85742,1,-1,-1
"NM",1997,0.319894367883509,0.869932991105109,30090,45135,3956.544189,1,-1,-1
"NM",1998,0.316825240704684,0.866965080257198,31540,46363.8,4160.450684,1,-1,-1
"NM",1999,0.313805457938301,0.86468478752623,32570,46900.8,4467.597168,1,-1,-1
"NM",2000,0.309974061115614,0.860920577815555,35090,48775.1,4655.35791,1,-1,-1
"NM",2001,0.30614241492829,0.858471138675213,33120,45043.2,4898.682129,1,-1,-1
"NM",2002,0.302280644356277,0.856699342265898,35460,47161.8,5133.051758,1,-1,-1
"NM",2003,0.298205556745034,0.855159370549443,35110,45643,5366.558594,-1,-1,-1
"NM",2004,0.294521821528221,0.853820343227889,39560,50241.2,5543.449219,-1,-1,-1
"NM",2005,0.291036364407946,0.852949426427101,38950,47908.5,5594.062012,-1,-1,-1
"NM",2006,0.287686333828881,0.852152015888799,40030,47635.7,5760.325195,-1,-1,-1
"NM",2007,0.285500007537423,0.850963031451155,44360,51457.6,5919.947266,-1,-1,-1
"NM",2008,0.284391409396507,0.849201407297696,42100,46731,6080.721191,-1,-1,-1
"NM",2009,0.283204749406177,0.847308182140434,43540,48764.8,6203.35498,-1,-1,-1
"NM",2010,0.280778590221995,0.846031487702901,45130,49643,6137.39502,-1,-1,-1
"NM",2011,0.277680309548415,0.844335600471052,41980,44918.6,5854.049316,1,-1,-1
"NM",2012,0.274221976717391,0.842767410095966,43420,45591,5629.977051,1,-1,-1
"NM",2013,0.270941220385676,0.840550922370073,41150,42384.5,5641.38623,1,-1,-1
"NV",1997,0.275151578364994,0.864237595969399,38850,58275,4231.916504,-1,-1,1
"NV",1998,0.277766835690439,0.860687862179344,39760,58447.2,4325.090332,-1,-1,1
"NV",1999,0.279908493124063,0.856844253271019,41460,59702.4,4489.801758,1,-1,1
"NV",2000,0.280499578697812,0.852642315185554,45760,63606.4,4523.981934,1,-1,1
"NV",2001,0.278336007594361,0.846959991879523,45400,61744,4599.391113,1,-1,1
"NV",2002,0.277263085549623,0.841248767705819,44960,59796.8,4689.370117,1,-1,1
"NV",2003,0.276396825043911,0.836028192187118,45180,58734,4790.590332,1,-1,1
"NV",2004,0.275839200212086,0.830234308603363,47200,59944,4802.238281,1,-1,1
"NV",2005,0.275528618177467,0.82349310875224,48210,59298.3,4921.263184,1,-1,1
"NV",2006,0.275759139764487,0.816602964016525,52280,62213.2,5172.057617,1,-1,1
"NV",2007,0.27617382371576,0.810314747150406,54060,62709.6,5460.338867,1,-1,1
"NV",2008,0.275521078673364,0.80465023383064,54740,60761.4,5553.6875,1,-1,1
"NV",2009,0.274427535651562,0.800363546289761,51430,57601.6,5565.950195,1,-1,-1
"NV",2010,0.271403065047615,0.79638507181566,51200,56320,5622.132324,1,-1,-1
"NV",2011,0.266789544112389,0.793637405860517,47040,50332.8,5671.125488,1,-1,-1
"NV",2012,0.262632671476198,0.789735480663966,47330,49696.5,5365.794922,1,-1,-1
"NV",2013,0.259941569973739,0.786350356812213,48610,50068.3,5389.45752,1,-1,-1
"NY",1997,0.276798181185306,0.760146706684078,35800,53700,7048.431641,1,-1,1
"NY",1998,0.275080766559611,0.756840378705246,37390,54963.3,7369.800781,1,-1,1
"NY",1999,0.274744349663515,0.753904057809453,39990,57585.6,7691.911133,1,-1,1
"NY",2000,0.274020433875142,0.750799346166517,40740,56628.6,8174.84375,1,-1,1
"NY",2001,0.272170103838852,0.748389731129091,42110,57269.6,8463.81543,1,-1,1
"NY",2002,0.27055643804408,0.745971846293722,41970,55820.1,8827.958984,1,-1,1
"NY",2003,0.268537983980863,0.743821306482045,42790,55627,9189.327148,1,-1,1
"NY",2004,0.266575444771938,0.74186898754807,44650,56705.5,9520.670898,1,-1,1
"NY",2005,0.264110228557421,0.739403719617972,47180,58031.4,9834.21582,1,-1,1
"NY",2006,0.261817043208005,0.736857257279662,48220,57381.8,10220.61621,1,-1,1
"NY",2007,0.259536329465274,0.734443757126352,48940,56770.4,10584.57324,-1,-1,1
"NY",2008,0.257414156122628,0.731702424408857,50460,56010.6,11062.26172,-1,-1,1
"NY",2009,0.254945676365327,0.72886465504391,50220,56246.4,11495.22266,-1,-1,-1
"NY",2010,0.252010399240655,0.725974359220197,49780,54758,11774.30566,-1,-1,-1
"NY",2011,0.249016564285759,0.723673500932677,50640,54184.8,11843.74707,-1,-1,1
"NY",2012,0.246150857725353,0.72140132096714,47680,50064,11856.53125,-1,-1,1
"NY",2013,0.243485026609922,0.719099855399747,51905,53462.15,12587.49023,-1,-1,1
"OH",1997,0.284994524869613,0.869395639421542,36130,54195,4764.308594,1,1,1
"OH",1998,0.284906223168984,0.867748730145932,38930,57227.1,5048.479492,1,1,1
"OH",1999,0.284252134938751,0.865996015686712,39490,56865.6,5287.216797,1,1,1
"OH",2000,0.282887036199889,0.863883297665174,42960,59714.4,5511.564941,1,1,1
"OH",2001,0.281034202352002,0.862010077099223,41790,56834.4,5703.421875,1,1,1
"OH",2002,0.278940915361291,0.86015151444759,42680,56764.4,5936.981934,1,1,1
"OH",2003,0.277197705807926,0.858342454621808,43520,56576,6282.395996,1,1,1
"OH",2004,0.275941472117578,0.856659533571173,43060,54686.2,6588.756836,1,1,1
"OH",2005,0.274112735228538,0.854782994804298,44200,54366,6603.04834,1,1,1
"OH",2006,0.272460845382801,0.852994278566211,45900,54621,6647.385742,1,1,1
"OH",2007,0.271190007224054,0.851198316451122,49100,56956,6617.116211,-1,1,1
"OH",2008,0.269687585944759,0.849469375377701,46930,52092.3,6726.530762,-1,1,1
"OH",2009,0.267802311687086,0.847933574906045,45880,51385.6,6870.349609,-1,-1,1
"OH",2010,0.265116987667228,0.84634930467403,45890,50479,7017.866699,-1,-1,1
"OH",2011,0.261949525941121,0.844863639588267,44650,47775.5,7037.102539,1,1,1
"OH",2012,0.258907865261549,0.843179576138831,44380,46599,7111.835449,1,1,1
"OH",2013,0.256544361062287,0.840950914786998,48575,50032.25,6834.961914,1,1,1
"OK",1997,0.295063886837417,0.819486219198397,31350,47025,4168.168945,1,-1,-1
"OK",1998,0.294940317644164,0.817437126930213,33730,49583.1,4369.047363,1,-1,-1
"OK",1999,0.292326164694149,0.814681769502439,32680,47059.2,4580.033203,1,-1,-1
"OK",2000,0.290051572430823,0.811893068624769,32430,45077.7,4726.007324,1,-1,-1
"OK",2001,0.287501946872026,0.809815407689423,35610,48429.6,5008.807129,1,-1,-1
"OK",2002,0.285211001180827,0.807736709963658,36460,48491.8,5288.804199,1,-1,-1
"OK",2003,0.283142533350528,0.805767481565766,35900,46670,5166.84668,-1,-1,-1
"OK",2004,0.2808583148972,0.803743468871419,39610,50304.7,5027.161133,-1,-1,-1
"OK",2005,0.279605150993477,0.80178757971108,37650,46309.5,5265.04248,-1,1,-1
"OK",2006,0.278586234624063,0.799526166567893,38840,46219.6,5325.416016,-1,1,-1
"OK",2007,0.278406944407375,0.797308954093291,43220,50135.2,5527.737305,-1,1,0
"OK",2008,0.278298631552782,0.79515537850343,46110,51182.1,5601.934082,-1,1,0
"OK",2009,0.278300191630451,0.792661984757793,45880,51385.6,5649.786621,-1,1,1
"OK",2010,0.277315566402053,0.789978786918103,43100,47410,5715.586426,-1,1,1
"OK",2011,0.275627121784806,0.787962344844589,48460,51852.2,5048.349609,1,1,1
"OK",2012,0.273859632859836,0.786298311465287,48410,50830.5,5034.701172,1,1,1
"OK",2013,0.273179221294223,0.78412307232352,44970,46319.1,5072.384766,1,1,1
"OR",1997,0.278930548283908,0.933230235661908,37250,55875,5079.017578,-1,1,1
"OR",1998,0.27843674877679,0.93131230333407,39070,57432.9,5376.109863,-1,1,1
"OR",1999,0.277208413463876,0.929378560204788,40620,58492.8,5551.261719,-1,1,1
"OR",2000,0.275641541495661,0.926769567555022,42500,59075,5599.95459,-1,1,1
"OR",2001,0.27307791346844,0.924697305631561,41270,56127.2,5781.144531,-1,1,1
"OR",2002,0.270140182340645,0.922769070855098,41800,55594,5985.666992,-1,1,1
"OR",2003,0.267614710140679,0.921034026277451,41640,54132,5847.004883,-1,1,0
"OR",2004,0.264992241129828,0.919448667768793,40990,52057.3,5707.340332,-1,1,0
"OR",2005,0.262590356143941,0.917476244062745,44160,54316.8,5926.960449,-1,1,-1
"OR",2006,0.260641921848231,0.915418715333613,47090,56037.1,6043.916992,-1,1,-1
"OR",2007,0.259059637864323,0.913291820878746,50240,58278.4,6184.766113,-1,-1,-1
"OR",2008,0.257659838227443,0.911283269669397,51730,57420.3,6483.239746,-1,-1,-1
"OR",2009,0.255445307987187,0.909083915349472,49100,54992,6583.25293,-1,-1,-1
"OR",2010,0.252920984049213,0.907009293311698,50600,55660,6405.416992,-1,-1,-1
"OR",2011,0.249509560344997,0.904695875761486,51530,55137.1,6351.570801,-1,0,-1
"OR",2012,0.246321557752871,0.902923595043961,51780,54369,6237.363281,-1,0,-1
"OR",2013,0.243486498806364,0.901533932207987,52655,54234.65,6181.430176,-1,-1,-1
"PA",1997,0.267564177865316,0.879601129032548,37520,56280,5257.625977,1,1,1
"PA",1998,0.267919637239998,0.877488716013298,39020,57359.4,5943.747559,1,1,1
"PA",1999,0.267099566570082,0.875306073441318,37760,54374.4,6168.168945,1,1,1
"PA",2000,0.265968575987981,0.872848501889382,42180,58630.2,6210.307617,1,1,1
"PA",2001,0.264816159401966,0.870616319903211,43500,59160,6017.803223,1,1,1
"PA",2002,0.263350972031455,0.86815782070453,42500,56525,5878.052734,1,1,1
"PA",2003,0.261804245418338,0.86562529647284,42930,55809,6555.429199,-1,1,1
"PA",2004,0.260696839394195,0.862838922667029,44110,56019.7,7172.241699,-1,1,1
"PA",2005,0.259154264380935,0.860026714880895,46300,56949,7375.625488,-1,1,1
"PA",2006,0.257620989977547,0.857191489375307,48480,57691.2,7460.135254,-1,1,1
"PA",2007,0.256120354630877,0.854448330965047,48440,56190.4,7543.267578,-1,-1,1
"PA",2008,0.254419242825547,0.851796323980944,51400,57054,7709.971191,-1,-1,1
"PA",2009,0.252370793135914,0.849318828710324,48170,53950.4,7857.234863,-1,-1,1
"PA",2010,0.249585482363529,0.84712001107688,48310,53141,8131.084473,-1,-1,1
"PA",2011,0.246803440972586,0.844733506645122,49910,53403.7,8055.299805,1,1,1
"PA",2012,0.244005420800528,0.842407581726745,51900,54495,7956.600098,1,1,1
"PA",2013,0.241491028433955,0.839982815068108,54555,56191.65,8634.429688,1,1,1
"RI",1997,0.265749454090445,0.915613452147699,34800,52200,6058.276367,1,-1,-1
"RI",1998,0.265701082766412,0.912230460018135,40690,59814.3,6327.882324,1,-1,-1
"RI",1999,0.269593868523897,0.908674723808682,42720,61516.8,6474.162109,1,-1,-1
"RI",2000,0.269268415299714,0.904755738535307,42200,58658,6669.40332,1,-1,-1
"RI",2001,0.267756838721761,0.901788974423493,45720,62179.2,7041.527832,1,-1,-1
"RI",2002,0.266547216450359,0.898364438857593,42420,56418.6,7452.538574,1,-1,-1
"RI",2003,0.265020880353799,0.895017650759515,44710,58123,7881.681641,1,-1,-1
"RI",2004,0.263638131770675,0.89186369731774,47940,60883.8,8301.959961,1,-1,-1
"RI",2005,0.260926889380813,0.888850808490555,49480,60860.4,8394.254883,1,-1,-1
"RI",2006,0.258665256947632,0.886442992918796,53740,63950.6,8570.383789,1,-1,-1
"RI",2007,0.256320018159205,0.883687453597083,54210,62883.6,9094.788086,1,-1,-1
"RI",2008,0.254152831792895,0.880927352813215,53240,59096.4,9300.320313,1,-1,-1
"RI",2009,0.251495283994814,0.878054868523204,51630,57825.6,9479.735352,1,-1,-1
"RI",2010,0.247805654679167,0.875320576986391,51620,56782,9573.235352,1,-1,-1
"RI",2011,0.244375498861575,0.87173432518799,49030,52462.1,9560.726563,0,-1,-1
"RI",2012,0.241123588473964,0.869189974407868,56070,58873.5,9588.664063,0,-1,-1
"RI",2013,0.237664217249671,0.866378031639277,57065,58776.95,9803.024414,0,-1,-1
"SC",1997,0.289787848576675,0.685393616492076,34260,51390,4192.855469,1,1,-1
"SC",1998,0.287843418422218,0.686251015823241,33270,48906.9,4409.773926,1,1,-1
"SC",1999,0.28489499285729,0.686807397421982,36460,52502.4,4675.480957,-1,1,-1
"SC",2000,0.282702275693966,0.686290247831693,37570,52222.3,4977.996582,-1,1,-1
"SC",2001,0.280583862956781,0.686218310231624,37740,51326.4,5251.996582,-1,1,1
"SC",2002,0.278779978066091,0.686677889232544,37810,50287.3,5555.580078,-1,1,1
"SC",2003,0.277076074314682,0.686851808436842,38480,50024,5610.972168,1,1,1
"SC",2004,0.275090888667823,0.687429424584313,38690,49136.3,5623.299316,1,1,1
"SC",2005,0.273306792501434,0.688199711953913,40230,49482.9,5764.625977,1,1,1
"SC",2006,0.271284191482629,0.689182066281813,39620,47147.8,5885.487305,1,1,1
"SC",2007,0.270113251022139,0.69050428544748,44210,51283.6,6036.14209,1,1,1
"SC",2008,0.268714523042193,0.691018053449374,42160,46797.6,6362.450684,1,1,1
"SC",2009,0.266988709053324,0.691691620158471,41100,46032,6386.239258,1,1,1
"SC",2010,0.263669876645104,0.691486348513444,41700,45870,6205.860352,1,1,1
"SC",2011,0.259902088915354,0.691527857270365,40080,42885.6,5992.800293,1,1,1
"SC",2012,0.256714251251867,0.691488915184232,44400,46620,5942.912109,1,1,1
"SC",2013,0.253754974727544,0.691540654229148,43655,44964.65,6020.293457,1,1,1
"SD",1997,0.308446527452121,0.908608038182104,29690,44535,3991.773682,1,1,1
"SD",1998,0.307358141056057,0.906693581464176,32790,48201.3,4068.648926,1,1,1
"SD",1999,0.304721939414615,0.903766197768692,35830,51595.2,4262.922852,1,1,1
"SD",2000,0.301125629098068,0.898575632008721,36480,50707.2,4438.651367,1,1,1
"SD",2001,0.298945079765479,0.896322027726618,39670,53951.2,4603.729004,1,1,1
"SD",2002,0.294827767690324,0.89407515591695,37870,50367.1,4796.945801,1,1,1
"SD",2003,0.291548441921153,0.891801934979554,39520,51376,4913.949219,1,1,1
"SD",2004,0.288330936297696,0.889724245712595,41110,52209.7,4981.339844,1,1,1
"SD",2005,0.285324303378625,0.88778364214764,43150,53074.5,5039.826172,1,1,1
"SD",2006,0.28299828998267,0.885799193648288,45430,54061.7,5040.779785,1,1,1
"SD",2007,0.281732592408255,0.883608737997759,46420,53847.2,5027.229492,1,1,1
"SD",2008,0.280415805306811,0.881738003113409,51600,57276,5184.759277,1,1,1
"SD",2009,0.279066050278354,0.879148819119107,45830,51329.6,5256.469727,1,1,1
"SD",2010,0.278665124496732,0.877354606783424,45350,49885,5354.097656,1,1,1
"SD",2011,0.277771774171027,0.87503202485736,47220,50525.4,5289.083984,1,1,1
"SD",2012,0.275862979056248,0.870770880770089,49420,51891,5060.618652,1,1,1
"SD",2013,0.275048794039292,0.868799832841831,53930,55547.9,5029.15332,1,1,1
"TN",1997,0.275515694643235,0.822774921520874,30640,45960,3852,1,-1,-1
"TN",1998,0.274892213617664,0.821507546168837,34090,50112.3,3984.472168,1,-1,-1
"TN",1999,0.274689973195978,0.82028163908528,36520,52588.8,4126.578125,1,-1,-1
"TN",2000,0.273960726326104,0.818294344444388,34100,47399,4427.29541,1,-1,-1
"TN",2001,0.272258989157836,0.8166938484441,35780,48660.8,4473.605469,1,-1,-1
"TN",2002,0.271027989008816,0.815021365036565,37030,49249.9,4546.414551,1,-1,-1
"TN",2003,0.270576413879242,0.813559156826519,37520,48776,4643.935547,-1,-1,-1
"TN",2004,0.26973684989652,0.811929805209405,38070,48348.9,4716.516113,-1,-1,-1
"TN",2005,0.269077226272426,0.810578667503915,39410,48474.3,4818.615234,-1,-1,1
"TN",2006,0.268456531257729,0.809114359132869,40690,48421.1,4795.749512,-1,-1,1
"TN",2007,0.267609627174258,0.808332039288654,41200,47792,4860.150879,-1,-1,0
"TN",2008,0.267371235860743,0.807741959029108,39700,44067,5096.93457,-1,-1,0
"TN",2009,0.265582929578867,0.806639022178652,40520,45382.4,5308.373535,-1,-1,1
"TN",2010,0.263259972643353,0.805401970100283,38590,42449,5413.679688,-1,1,1
"TN",2011,0.26017475998513,0.803812641119149,42280,45239.6,5530.253906,1,1,1
"TN",2012,0.257555356468292,0.80208178065411,43000,45150,5307.383301,1,1,1
"TN",2013,0.255515264060705,0.800803622846971,42930,44217.9,5226.244141,1,1,1
"TX",1997,0.316269338531899,0.846359508816398,35080,52620,4341.945801,1,-1,1
"TX",1998,0.316561388396228,0.845485640081615,35780,52596.6,4538.526367,1,-1,1
"TX",1999,0.315610398176496,0.84436361708358,38690,55713.6,4688.557129,1,-1,1
"TX",2000,0.313619294498283,0.842687094114784,38610,53667.9,5020.259277,1,-1,1
"TX",2001,0.311961065726212,0.840635495319758,40860,55569.6,5156.778809,1,-1,1
"TX",2002,0.310326286028448,0.838726897821955,40150,53399.5,5314.412109,1,-1,1
"TX",2003,0.309096469867751,0.83704769444378,39270,51051,5449.042969,1,1,1
"TX",2004,0.307840980604512,0.835305652762793,41400,52578,5546.827637,1,1,1
"TX",2005,0.306363698185316,0.833288897421443,41420,50946.6,5451.114746,1,1,1
"TX",2006,0.305953831361694,0.828223880737582,43310,51538.9,5446.616211,1,1,1
"TX",2007,0.305340474605072,0.826381128251057,46050,53418,5535.186523,1,1,1
"TX",2008,0.304817109388816,0.824298278512779,46490,51603.9,5777.185547,1,1,1
"TX",2009,0.304156184716077,0.821993647951047,47480,53177.6,5827.624023,1,1,1
"TX",2010,0.302412794943786,0.81989710708407,47270,51997,5999.240723,1,1,1
"TX",2011,0.299785940130382,0.818319839220945,49050,52483.5,5815.481934,1,1,1
"TX",2012,0.296852561490489,0.816192317569976,51930,54526.5,5437.475586,1,1,1
"TX",2013,0.294745566377619,0.813819883833493,52220,53786.6,5399.052734,1,1,1
"UT",1997,0.372294063923494,0.951696493605009,42780,64170,3413.328857,1,1,1
"UT",1998,0.370179043010951,0.950665755600288,44300,65121,3524.34082,1,1,1
"UT",1999,0.36680807921281,0.949627907103394,46050,66312,3665.532471,1,1,1
"UT",2000,0.362945989800856,0.947670351819691,47550,66094.5,3685.20874,1,1,1
"UT",2001,0.358752296149038,0.946270878809308,47340,64382.4,3819.232422,1,1,1
"UT",2002,0.354376154661769,0.94495002828182,47860,63653.8,3961.169678,1,1,1
"UT",2003,0.351430446622378,0.943946474293653,49280,64064,3933.183594,1,1,1
"UT",2004,0.349442450386829,0.942769343515519,50870,64604.9,3868.30957,1,1,1
"UT",2005,0.347682953177316,0.941467677956674,54810,67416.3,3863.612061,1,1,1
"UT",2006,0.347056650407225,0.940111035130768,54630,65009.7,3827.662109,1,1,1
"UT",2007,0.347881586575439,0.9384273905147,53530,62094.8,3831.42749,1,1,1
"UT",2008,0.348454710782346,0.936904179413743,62540,69419.4,4097.505371,1,1,1
"UT",2009,0.348712152840123,0.935229624799104,58490,65508.8,4180.576172,1,1,1
"UT",2010,0.347542924594247,0.933799271582643,56700,62370,3767.272949,1,1,1
"UT",2011,0.344309802784552,0.932825797758941,55490,59374.3,3972.933594,1,1,1
"UT",2012,0.341142681911771,0.931173434967363,58340,61257,3939.359619,1,1,1
"UT",2013,0.339310266285667,0.929977844038597,62010,63870.3,4070.455078,1,1,1
"VA",1997,0.273347485343415,0.761158838473065,42960,64440,4975.489746,1,-1,0
"VA",1998,0.274729680891731,0.757967708064347,43350,63724.5,5330.572266,1,0,1
"VA",1999,0.274129900199624,0.754578957608768,45690,65793.6,5432.63916,1,0,1
"VA",2000,0.273051501326308,0.751547640475402,47160,65552.4,5946.754883,1,1,1
"VA",2001,0.272418086225727,0.74939507071192,50240,68326.4,6102.477539,1,1,1
"VA",2002,0.271853372495994,0.74710633765677,49630,66007.9,6298.719727,-1,1,1
"VA",2003,0.27070370926908,0.744885317274643,54780,71214,6362.802246,-1,1,1
"VA",2004,0.269988729963916,0.742418476170729,51140,64947.8,6363.885254,-1,1,1
"VA",2005,0.268368987891814,0.739821739305447,51910,63849.3,6686.046387,-1,1,1
"VA",2006,0.266700591955015,0.736923202225777,57120,67972.8,6996.516602,-1,1,1
"VA",2007,0.265394400722487,0.734371177912527,59160,68625.6,7293.709961,-1,1,1
"VA",2008,0.26388537123144,0.731915992553006,61990,68808.9,7511.57666,-1,1,-1
"VA",2009,0.262031101180845,0.729532041448222,60500,67760,7520.175781,-1,1,-1
"VA",2010,0.259882630193381,0.727268682436866,60370,66407,7463.483887,1,1,-1
"VA",2011,0.257661654418413,0.725958705888234,62620,67003.4,7243.081543,1,1,-1
"VA",2012,0.255535193302937,0.724217478631852,64630,67861.5,7175.366211,1,1,1
"VA",2013,0.253349590368991,0.722410025559754,66765,68767.95,7234.891602,1,1,1
"VT",1997,0.27941577827302,0.982134455385532,35050,52575,5629.537598,-1,-1,-1
"VT",1998,0.276884693279326,0.981621076053936,39370,57873.9,6213.875488,-1,-1,-1
"VT",1999,0.274930831526602,0.981269524693104,41580,59875.2,6744.232422,-1,-1,-1
"VT",2000,0.272815107165471,0.978704697039786,39590,55030.1,7202.900879,-1,-1,-1
"VT",2001,0.271562812896608,0.977393858120325,40790,55474.4,7179.418457,-1,1,-1
"VT",2002,0.268681695431901,0.976350330331697,43000,57190,7251.902344,-1,1,-1
"VT",2003,0.265198476025236,0.975191710716702,43260,56238,8036.603027,1,1,-1
"VT",2004,0.261669247644857,0.974151503419796,47330,60109.1,8774.416016,1,1,-1
"VT",2005,0.257588757515514,0.972899881683475,50700,62361,9131.053711,1,-1,-1
"VT",2006,0.253488566236201,0.971462147531193,51980,61856.2,9313.338867,1,-1,-1
"VT",2007,0.250161592734983,0.970334300483896,47390,54972.4,9652.619141,1,-1,-1
"VT",2008,0.246948254508925,0.96946412006069,50710,56288.1,10015.78418,1,-1,-1
"VT",2009,0.242936731875093,0.96786899204087,52320,58598.4,10555.70898,1,-1,-1
"VT",2010,0.239821115583044,0.967533660659648,55930,61523,10934.58984,1,-1,-1
"VT",2011,0.237676800377642,0.965859127436612,51860,55490.2,10876.20605,-1,-1,-1
"VT",2012,0.234565318085259,0.965033781085786,55580,58359,11032.84473,-1,-1,-1
"VT",2013,0.231248303284841,0.963983328276457,60175,61980.25,11287.83594,-1,-1,-1
"WA",1997,0.286831465790457,0.886048311933554,44560,66840,4903.529297,-1,1,1
"WA",1998,0.287180378683858,0.882708774080251,47420,69707.4,5099.080078,-1,1,1
"WA",1999,0.28668851552161,0.87951231685267,45470,65476.8,5158.33252,-1,0,-1
"WA",2000,0.285292204803915,0.875823109740747,42530,59116.7,5278.878418,-1,0,-1
"WA",2001,0.282006247533714,0.872590641529961,42490,57786.4,5374.083984,-1,0,-1
"WA",2002,0.278882628876821,0.869432512897059,45180,60089.4,5500.242676,-1,-1,-1
"WA",2003,0.276347513112056,0.866490719784932,47510,61763,5567.215332,-1,-1,1
"WA",2004,0.27443395760721,0.863447244501019,49920,63398.4,5574.315918,-1,-1,1
"WA",2005,0.271422121824012,0.860282182185462,50650,62299.5,5626.068359,-1,-1,-1
"WA",2006,0.269030992097794,0.85673702935901,54720,65116.8,5643.013184,-1,-1,-1
"WA",2007,0.267672632125823,0.85339189892514,58080,67372.8,5801.685547,-1,-1,-1
"WA",2008,0.266109041269654,0.849911866863571,56630,62859.3,6164.07373,-1,-1,-1
"WA",2009,0.264552917422706,0.846635718191698,60390,67636.8,6398.146973,-1,-1,-1
"WA",2010,0.262436247095062,0.843805494132286,56160,61776,6238.196777,-1,-1,-1
"WA",2011,0.258919961497823,0.840434668541287,56850,60829.5,6182.22168,-1,-1,-1
"WA",2012,0.255927672349573,0.836930180955416,62190,65299.5,6223.938477,-1,-1,-1
"WA",2013,0.253741643613535,0.833667648623597,62015,63875.45,6150.148438,-1,-1,1
"WI",1997,0.287381273792002,0.917696834518467,39600,59400,5789.640137,1,1,-1
"WI",1998,0.287486843277576,0.916217727333818,41330,60755.1,5995.477051,1,1,1
"WI",1999,0.286965469054315,0.914099814239257,45670,65764.8,6160.904785,1,1,-1
"WI",2000,0.285444228776373,0.911530128680709,45090,62675.1,6241.476563,1,1,-1
"WI",2001,0.283995720231892,0.909609411051012,45350,61676,6445.126465,1,1,-1
"WI",2002,0.281452048625918,0.9076745558718,45900,61047,6692.499023,1,1,-1
"WI",2003,0.278641984974822,0.905928654222156,46270,60151,6829.869629,-1,1,1
"WI",2004,0.276327496460844,0.904343033565674,45730,58077.1,6926.842773,-1,1,1
"WI",2005,0.27352787493198,0.902573597688926,44650,54919.5,6999.363281,-1,1,1
"WI",2006,0.271345036578992,0.900757935010322,51690,61511.1,7024.470215,-1,1,1
"WI",2007,0.269625853825897,0.89888972557267,51280,59484.8,7052.540039,-1,1,-1
"WI",2008,0.267894180389421,0.897040345357451,51200,56832,7168.843262,-1,1,-1
"WI",2009,0.265970679791945,0.895215498872517,51240,57388.8,7377.737305,-1,-1,-1
"WI",2010,0.26373949450617,0.893460914949982,50350,55385,7527.354492,-1,-1,-1
"WI",2011,0.261560678444278,0.891795120596892,52060,55704.2,7701.631836,1,1,1
"WI",2012,0.258860726298785,0.890262519318317,53080,55734,7140.076172,1,1,1
"WI",2013,0.256264779699461,0.888611225093494,53495,55099.85,7105.458496,1,1,1
"WV",1997,0.260526971111745,0.961261889723178,27490,41235,5570.375488,1,-1,-1
"WV",1998,0.257967987600855,0.960545469867136,26700,39249,5678.037598,1,-1,-1
"WV",1999,0.254353821809152,0.960424417940401,29300,42192,6065.442871,1,-1,-1
"WV",2000,0.250939529756433,0.958215759529081,29410,40879.9,6338.943848,1,-1,-1
"WV",2001,0.247762257831196,0.957810823428057,29670,40351.2,6412.534668,-1,-1,-1
"WV",2002,0.245582453664367,0.957351610212394,29360,39048.8,6483.22168,-1,-1,-1
"WV",2003,0.243722462402644,0.956678686416946,32760,42588,6568.328613,-1,-1,-1
"WV",2004,0.243088396080681,0.956030428784247,33370,42379.9,6610.413574,-1,-1,-1
"WV",2005,0.241629185956324,0.955445560870358,36450,44833.5,6666.762207,-1,-1,-1
"WV",2006,0.240542761358315,0.954451855450372,38420,45719.8,6765.057129,-1,-1,-1
"WV",2007,0.239846525616504,0.953682338341552,42090,48824.4,6800.635254,-1,-1,-1
"WV",2008,0.239575397623227,0.952878591106933,37990,42168.9,6834.639648,-1,-1,-1
"WV",2009,0.238593984657223,0.951903776163223,40490,45348.8,7253.320313,-1,-1,-1
"WV",2010,0.236388620884363,0.951417266059014,42780,47058,7977.217285,-1,-1,-1
"WV",2011,0.233983066323834,0.950383585420683,41820,44747.4,7943.066895,-1,-1,-1
"WV",2012,0.23238596952294,0.94975744154686,43550,45727.5,7580.57959,-1,-1,-1
"WV",2013,0.231294979163003,0.94898037341538,41655,42904.65,7324.330566,-1,-1,-1
"WY",1997,0.307289187273088,0.963553042081843,33420,50130,5809.872559,1,1,1
"WY",1998,0.303936330831909,0.962686460725325,35250,51817.5,5918.805664,1,1,1
"WY",1999,0.299855626499654,0.961281467322787,37250,53640,6399.612793,1,1,1
"WY",2000,0.293922718996561,0.958624317216265,39630,55085.7,6683.589844,1,1,1
"WY",2001,0.288850658132807,0.956721526229286,39720,54019.2,7043.739258,1,1,1
"WY",2002,0.283930346368224,0.955843501320955,39760,52880.8,7354.20166,1,1,1
"WY",2003,0.279597102410751,0.955322542521348,42560,55328,7533.256836,-1,1,1
"WY",2004,0.275981819110362,0.954394566161075,45400,57658,7617.155273,-1,1,1
"WY",2005,0.272494588228887,0.953545317869834,44720,55005.6,7832.04834,-1,1,1
"WY",2006,0.270172021573966,0.952250668207482,47040,55977.6,8415.467773,-1,1,1
"WY",2007,0.269888721871985,0.951168121209402,48740,56538.4,9360.825195,-1,1,1
"WY",2008,0.27030471959168,0.950578983706411,53340,59207.4,9480.083984,-1,1,1
"WY",2009,0.270527336737811,0.949256141366185,52470,58766.4,9733.594727,-1,1,1
"WY",2010,0.268255956293059,0.949233551879848,52200,57420,10162.9502,-1,1,1
"WY",2011,0.265764614427313,0.947974524897805,54510,58325.7,10462.70898,1,1,1
"WY",2012,0.263324107894257,0.943292180355888,57510,60385.5,10445.42871,1,1,1
"WY",2013,0.26314758761909,0.941189303960338,61570,63417.1,10247.96387,1,1,1
